,x,y
CGGTACTAGAATCAAA-1,43,83
ACTGTGCTAGTAGATC-1,13,31
GAAACTCGTGCGATGC-1,28,24
ATAGGTTGGGCAGATG-1,28,64
CTACGACTAGCTATAA-1,38,24
ACAAGGACAAGAGGTT-1,29,37
GCTAGAGTAGAGATGT-1,56,96
GTTAAAGTAGGACTGG-1,49,83
GGAAAGTGCCCATGCC-1,20,90
AGAATAAATCTTCAGG-1,37,11
TACGCCATATTCTAAT-1,40,58
GACACGAGTTAGAGGA-1,19,25
AACAATACATTGTCGA-1,61,37
ATCTTGACTTGTCCAA-1,30,108
AACTAGGCTTGGGTGT-1,55,61
CGTTGAATACCGCGCT-1,57,77
GAAGTCAGTTGCACTA-1,52,58
GTTGAGTCCCGCCGGT-1,52,78
ACTGAAACGCCGTTAG-1,57,93
AAACCTCATGAAGTTG-1,37,19
TCCTAACCGTCGGGCA-1,62,46
TACCGCGGACTTGCAG-1,33,97
ATCGACCCAATACAGA-1,43,63
CACCCGGTTTGTGACT-1,53,39
ACGGCGACGATGGGAA-1,49,77
ACTGTACGATACACAT-1,30,78
CTATTTGGTTACGGAT-1,36,82
TAACTCATCCGCGCGG-1,43,49
ATAGACGAAGAGAAAG-1,33,45
AAATCCGATACACGCC-1,65,87
GGGATTTACCGCACCT-1,42,90
CCTTTAAGGGAGCACT-1,58,50
CGAGCTGGGCTTTAGG-1,17,67
GAAGCTTGCTGACCGC-1,29,35
TCCGGTTCGTCCGGTC-1,51,53
TGATTTATTAGCTGTG-1,38,34
TTCCTCGGACTAACCA-1,50,86
TGCTGGTTGGACAATT-1,21,41
ACCGGGCCTTTGTTGA-1,46,98
AGTACTCTTATGCCCA-1,56,88
GATCGACACTATCTGA-1,27,47
TGCGACGGCCGAACGT-1,60,32
AGAGAAGGAGTACAAT-1,58,34
GGGAAGGGCTTTCTCA-1,63,87
TGTTCTTCCATTGACT-1,33,43
TAAACCCAGGAGGGCA-1,54,36
AGATATAATACGACTA-1,64,72
GGTCGGCCAGGAGCTT-1,32,84
GCACACGCCCATGGTC-1,34,10
GTAGCGGCTATACACT-1,39,69
GTGGTTTCCGCCTTTC-1,42,32
GGATTTCACTTCTATA-1,31,83
AGTACGGCCCGTATCG-1,35,11
CCTAGGCGTAGCGATC-1,36,88
AATTGAACGCTCTGGT-1,45,83
AGACGAAGTGCCGGTC-1,49,97
CCTGGAAACGTTCTGC-1,39,113
TGGCGATCAAGTTATG-1,51,55
CGTTAAACTAGTTAGG-1,49,111
TCGATAGGCTAGTCGC-1,8,48
AACAGCTGTGTGGCAA-1,59,31
TCCTCGGGCTGGGCTT-1,40,76
TCCCAGCTTTAGTCTG-1,34,56
ATCTGCTGTTATCGCC-1,67,57
TAGCCATTTCAAAGTC-1,43,89
TACGTTTACCGGCAAT-1,40,32
AAATGGCATGTCTTGT-1,13,69
CGAGTACTAAAGAGGA-1,45,35
ACACGGGAACTTAGGG-1,27,71
GGGAACGGTTTCAGAT-1,64,32
TAAGTCGCCGAGTATC-1,54,32
GTCCGGGTTCACATTA-1,69,71
GAGTGTGCGGTACCCA-1,44,88
TGTGTCGCGAGTTGCA-1,24,36
AAGTCAATTGTCGTCA-1,45,101
TTGTTCAGTGTGCTAC-1,24,64
ACGAGTACGGATGCCC-1,28,104
AGCGCGGGTGCCAATG-1,24,92
TACGCCGAGGGTACCC-1,56,34
TCACAGCAAACTCGAA-1,51,49
ACTTCCATGCGGGACA-1,61,85
TTCTAGGCCAATTGTG-1,22,44
TCACGGTCATCGCACA-1,23,45
ATTACAACTACCGGCC-1,11,87
CTGGCGCACAGGTCTG-1,37,89
TTAGGTCATAACCGAC-1,58,38
AGCGACCAACGATATT-1,25,55
TCCTCTCCAGTTGTCC-1,30,20
CTGTTACCCAATCTAG-1,48,58
CTTTAGTGCTATTATT-1,44,64
GCGCCGTTCCACGATA-1,41,65
AAACGGTTGCGAACTG-1,67,59
GGTTGTGTAGCCTGGC-1,33,13
TCTAGCAATCTCCGCC-1,46,30
GACCAGAGCCCTGTAG-1,31,47
GTCGTGTCTGGTCATC-1,28,110
GACAGCCAGACCTGAC-1,42,86
CGAAACGCAATTCATG-1,41,33
ATAATTAGCTAAGTAG-1,64,64
CTCGGTCCGTAGCCTG-1,18,50
ACGATGCATATGTTAT-1,37,43
TAAGGGCTGGGAGAGG-1,34,18
ATTTCCGGGTTCTGCG-1,55,35
GCGCTGATCCAGACTC-1,17,87
ACTCCCTAATGCTAAA-1,57,69
GTCTGGGCGGTCGAGA-1,46,44
TCATCGATGGTCCCAA-1,57,29
TACTCTCCGAACAAAT-1,21,81
CTCTTCTGGAAGTTAG-1,62,40
ACAAGGGCAGGCTCTG-1,44,76
GGGTATTCTAGCAAAC-1,55,15
CACTTAATCAGACGGA-1,34,48
CTCAACTAACCCGGAT-1,63,85
TAACAAAGGGAGAAGC-1,21,35
TCTATCGGTCGCAACA-1,22,64
ACCTAAGTACCTTTCA-1,50,30
CCTGCTATTTGAGAAG-1,26,50
TATCTACAGAGGTAAT-1,30,24
ATCCAATGGAGGGTCC-1,43,27
AATGACTGTCAGCCGG-1,23,47
TAACTATTACGCCAAA-1,29,107
GCGACCCAACCATCTG-1,59,33
CGGCGCCATCAATCCC-1,59,93
TGGAATATCCTTGACC-1,23,107
GGGCGTGGTTTCCCAG-1,61,81
TCACAGGTTATTGGGC-1,32,48
CTGGCTGATTCATCCT-1,44,96
ATCAAACGAAGGTTTG-1,49,33
CCGACGGGCATGAGGT-1,54,26
GCACTGCCTACCTTTA-1,66,68
AATCTGGCTTTCTAGT-1,51,15
GGTCGGATAAACGGCG-1,23,97
GAAATCGCGCGCAACT-1,18,68
AACATTGTGACTCGAG-1,64,52
CTAATTTCAACAACAC-1,21,27
AAATAACCATACGGGA-1,14,88
GGCAAATTACTTTACT-1,41,53
TTACCATTGATTACCC-1,34,28
AACGTGATGAAGGACA-1,9,83
GCCTCTATACATAGCA-1,55,75
CTGTATGGTGTAGAAA-1,20,32
GTCACTCTCCAAATCT-1,23,31
TGGCCAAACTGAAGTA-1,28,76
CGGGCGATGGATCACG-1,69,75
CGTGTCCCATTCGCGA-1,28,40
TGGACTGTTCGCTCAA-1,37,73
GGTGTAGGTAAGTAAA-1,70,50
TTATGATCTTAACGAA-1,38,82
GACAACGACCATTGAA-1,25,77
CGACAGTTCGCGTTAT-1,36,42
TTGTGTTTCCCGAAAG-1,51,59
GCTGCTACTGCGTAGC-1,51,75
CATAAGCTCTCCGTCT-1,42,14
TGCCACCTGGCGAAAC-1,20,76
CTGTTCATCTCACGGG-1,22,34
CCGCACAAAGACCAAC-1,36,76
TCGCTACTGGCTTTGA-1,65,73
TCACAGGGAATCGCAA-1,47,79
ATCAGTAGGCAGGGAT-1,23,87
AAGAGCTCTTTATCGG-1,35,77
ATCGGCAAGCAGTCCA-1,20,96
GTACGAGATTGCGACA-1,21,57
TCCTACATCCACGGCC-1,46,84
CCTAAAGGCTGACGCT-1,14,82
GTTAACTATGTTGTCA-1,43,111
GGGTACTTCATGAACT-1,37,39
AACGCGACCTTGGGCG-1,67,53
GCCTAGCGATCTGACC-1,20,42
CTCTGTTTGAGGATTC-1,14,72
CACGTCGGCAACCTCT-1,49,37
GAAATTGTCTCTATAA-1,43,53
GAATGTTGGGTAATCT-1,23,69
GTAATAAAGGGCTCCC-1,31,103
ATGCTCAGTGTTGCAT-1,21,29
GACTAGGCCGTTAGGT-1,66,78
TTATCCTCAAGGAATA-1,52,18
GACTAAGTAGGCTCAC-1,27,43
TCCTAGCAAAGAAGCT-1,41,41
AGTCAAGATGACACTT-1,48,90
CTTCTATTAATGCTAG-1,51,47
CAACTATATCGAATGC-1,15,79
GTCGGATATCTCAGAC-1,32,36
GAGGCCCGACTCCGCA-1,55,23
AACGGACGTACGTATA-1,50,92
TTATCCAATCGAACTC-1,13,33
TCCCGTGTGCAATTTG-1,44,80
ACTTATTTATGTGCCA-1,46,90
GAAGTGCTGGATAGCT-1,15,61
TTGATCTAACTTTGTC-1,29,47
ATTACTAGCCTCTTGC-1,18,44
ACATCGATCGTTTACC-1,42,62
GGCAAAGGCGCCAATA-1,54,34
ACCATATCCGCAATAA-1,38,56
CTTAGTGTAGTAGCAT-1,61,83
CATGTCTCATTTATGG-1,49,85
CAGTTCAAATTGACAC-1,29,51
TTGACCATGTTCTCCG-1,24,78
GAATAGTGCTCGATTA-1,60,36
ATTGAAGATCTTAGTG-1,31,49
TTGAACGACGTGCTGA-1,60,88
TGCAGCTACGTACTTC-1,42,16
CCAACGATGCACTGAT-1,31,37
GTGCCCGTTCGGATTC-1,39,85
GACTGCACCAGCCCAG-1,46,80
AGGTAACCTCCTATTC-1,13,41
TGAGTTAAAGACATTC-1,48,112
CATTACGTCGGCCCGT-1,19,65
AGCCCATACATGTAAG-1,42,26
CACACAGGGATAGATT-1,25,27
GTACTGGAGTTAGACC-1,33,81
CAGATCCTGGTTTGAA-1,55,17
TCAATACGCCGTCATG-1,63,61
GCAAACCTTGGCCATA-1,57,67
CCTCACCTTAGCATCG-1,27,97
TAGTGCCCTCCAGAGT-1,32,52
TTGTTGTGTGTCAAGA-1,31,77
GCATTCAAGGCAACGC-1,28,108
CAGTAACTATTTATTG-1,19,101
GCACACACTGGTAGCC-1,56,94
GCCGACCCACGACTGC-1,62,30
GTGCCGCTTCAAAGGT-1,44,44
GCTCTATGTTACGTGC-1,26,40
AGCGACATCCCATTCA-1,17,59
TGAATACCGACGCGTA-1,66,82
AGCTAACAAGCAATGT-1,61,33
GAGCTAAGGGCATATC-1,29,83
ACCCTCCCTTGCTATT-1,48,84
TATAAATCCACAAGCT-1,20,44
TAATAGGTCACCAGAA-1,61,21
GCAGCACACAGCCCAG-1,38,42
ACGGAATTTAGCAAAT-1,15,27
TGTATCCTTATTCCAT-1,10,50
CTGATAGTGTATCTCA-1,32,16
ATCGCACGCCGGGAGA-1,25,57
GCAACAGCAGTATGCG-1,46,106
ACTACGCGTTAGAATT-1,60,56
CGACATGCGATCTTCT-1,8,64
TGTCCCGACATAGCAC-1,11,57
CGGTTCAAGTAGGTGT-1,24,98
TTCACTTCCTAGAACG-1,67,51
TTACCCTAGGGATTGG-1,60,58
CTTGAGTTAGGGTAAT-1,39,93
CTATGTCTATTGAAAC-1,11,55
TATAGGGTACTCATGA-1,36,20
AGACCGGGAAACCCTG-1,41,17
ATGCATGATCCAGGAT-1,25,65
GTGAGTGGTACAACGC-1,52,56
CAAGCAACGTCGGAGT-1,32,38
TACGCCTCCATTCCGA-1,55,59
AGGCTATGGTTAGCTT-1,26,30
TTAGCTCTGTAATCCG-1,31,15
ACCGACTGAGTCCCAC-1,28,66
GCGCTAATTGAATAGA-1,34,70
TTCTTTGGTCGCGACG-1,24,104
CCACGGAGCCATAAGA-1,47,27
TGCGGACTTGACTCCG-1,68,76
CCTACATTCACAGACG-1,51,33
TCCTTACGACGGTCCG-1,49,95
CCGCACGTGACCTCGG-1,28,26
TCCAGAGCACCGGTTC-1,40,70
TATCCATATCATGCGA-1,18,52
GAGTTGATGGCAATTT-1,51,19
AATCTAGGTTTACTTG-1,52,16
GGTGCTGGTACACATT-1,42,46
GGTTCGGATTATACTA-1,39,7
CCAAACAGAACCCTCG-1,22,48
CATGATGGAAGTTAGC-1,45,103
CCAGGGACGTGGCCTC-1,27,53
GAAAGCCCTTTGGACC-1,35,21
TCGCTGGGCGGATTGT-1,28,74
TCCGATAATTGCCATA-1,18,64
CGACACGCTCCGACAG-1,46,94
CCATTTCTACCTATTA-1,55,71
GAATGTATGGCAGGTC-1,15,91
AGAGCAGTTATGAGAC-1,29,19
TCGAATATCCCGCAGG-1,58,32
TGAGTGGTCCGTGACG-1,30,84
GGTCTGAGAATCTGGA-1,30,80
CGCTTCCACTGAAATC-1,18,42
AATTAAAGGTCGGCGT-1,40,50
CGCAGGCGATCCAAAC-1,52,102
ACGTTCCGCGCTCCGT-1,8,54
ACATAATAAGGCGGTG-1,21,63
GGGATGGTCGTAACCG-1,47,43
TCCTTTCTTACGCTTA-1,30,62
ACGGACTCTCAAAGCG-1,61,75
ACGTTAATGTCGAAGA-1,41,69
CTAGTTACAACCCGGT-1,53,67
GGGTGCATATGAAAGC-1,30,112
TATGGGTACGTATCGT-1,32,58
CGTTTCGCTCATTACA-1,35,49
TTATTAGAGCGTGTTC-1,46,70
CCCAGTAAACTTGGGA-1,52,12
TAAAGAGCCCGAAACC-1,10,46
GACGAGGCTAATAAAC-1,56,100
TGATCGGTTTGACCCT-1,28,54
TATCTACCACAGCGGG-1,42,60
GCTACTATAGTAGAGT-1,50,94
TACCGTGCCTCGGACC-1,51,69
GTAGTCTACGATATTG-1,63,77
ATTTACTAAGTCCATT-1,31,111
CGCTATACCGCCCACT-1,14,36
GGCTCTGCTCCAACGC-1,26,72
CGTGAAGTTAATTCAC-1,40,56
CCGTGTTAAATTCCAT-1,48,36
TAACAGCGTTTGTGCT-1,63,37
CTCGATATTTGCGAGC-1,23,99
GCTTTCAGAGGAGGTG-1,33,95
AATTCTAGAGTTAGGC-1,49,63
GGAGCACCAAGAACTA-1,26,82
ACCTAATCGACTTCCT-1,32,30
TAAGTTGCGACGTAGG-1,53,95
CCAATGTCACAGCAAG-1,37,49
TAAGGCAACATAAGAT-1,25,71
AAGCGCAGGGCTTTGA-1,67,73
CACGTTCGTGCTCTAG-1,37,81
ACAACGGTCCCTGCGA-1,22,30
GTCGCGTAACCCGTTG-1,39,75
CCGGAGCGTACTTTCT-1,58,56
CGTATTAAGAGATCTA-1,32,54
GGAGAAGTCATTGGCA-1,23,41
GAGCATCAACAACTTG-1,64,30
ATGTGGACATCTTGAT-1,47,71
TCATCACTCGAGCTCG-1,17,29
CCAATAGTGCCGTCGA-1,34,42
GCCATATTGCACACAG-1,22,90
TCAAACAACCGCGTCG-1,24,60
CATGGTCTAGATACCG-1,26,66
CGTGCATTGTCGACGC-1,39,31
CTTGTTTATGTAGCCA-1,18,28
ACGCGAAGTCAGACGA-1,49,59
CTTTCTGTGCGGGCTT-1,54,66
AGTTCCTATTTATGTT-1,43,65
CTTGTACTTGTTGACT-1,21,51
GCATCCCTAACTTTGA-1,16,42
ACACCCAGCATGCAGC-1,24,50
TTGTGCAGCCACGTCA-1,60,74
AGTATTTGGCACGACC-1,58,52
AGTCGACGGTCTCAAG-1,38,90
AATGTGCCCGAGGTGT-1,55,27
TGTCCGTGGCGCCTTT-1,30,18
TGGAAGACGAACACCA-1,14,46
CCGGGCTGCTCCATAC-1,36,86
AGAATTGTTTGACATA-1,17,23
GAGGAATGGAGAGGTT-1,27,31
CCTTTCAATGAAGAAA-1,25,95
ATACAGGCCCTCCAAT-1,56,72
GTGCGAAATCGAACAC-1,45,43
CCCGTCAGCGTCTGAC-1,23,51
CTACACTCGCAGATGG-1,57,101
TCAGACGCTATAGAAG-1,48,72
ACAGGTGGAGGTGAGG-1,51,39
ACTATTTCCGGGCCCA-1,59,41
ATCAGACGGCACGCCG-1,44,42
ATGGAGCAGGCCGTGA-1,36,66
TATTCAATTCTAATCC-1,34,74
AGCCGTGGCTAAATGT-1,50,22
TCATCCCAGAGGGTGG-1,12,70
ATACCAGGCTAATAGA-1,9,55
CATCCTCTCAAAGATC-1,54,92
ATGCCGGTCTTGCATA-1,31,75
AAAGTTGACTCCCGTA-1,42,96
TTCAGGCGTCAAAGCC-1,40,16
TGACATCGAGCGGACC-1,35,101
TGCAGATCGTCCTAGG-1,42,18
GATATCTCATGCAATA-1,12,58
AACCCTACTGTCAATA-1,40,96
TCGCTCGATATATTCC-1,29,63
ATACTTGTTCTCGAGC-1,30,10
TTGTGGCCCTGACAGT-1,18,60
GGGCGTCACCACGTAA-1,48,50
GTCCGGACCTGAAATT-1,54,88
CATATAGGTACAGTCA-1,43,55
GGCGCTTCATTCCCTG-1,67,71
TGACTATAATCCTTTC-1,46,68
CTAACTGATAATCGCC-1,58,102
CATGCCAACTCGCAAA-1,43,21
AGGTTGAGGCACGCTT-1,22,74
CTGGCGGGAATAAGTA-1,20,22
GGTTACCACCCTCGGG-1,45,33
TATATAGGGCTTTACG-1,63,33
TCCAACTTTAAATTCT-1,40,40
CTTGTGCTCACCGATT-1,22,94
GTGGCAAACAGCGGCA-1,50,20
ATATAAATGTAGCTGC-1,54,74
TATCCTATCAACTGGT-1,69,59
CGTTGAGCGACCGTCG-1,44,74
TACGGAAGCCAAACCA-1,69,73
AGTGATATGAGTAGTT-1,45,49
TAGCTCGCCTGATAAC-1,50,58
GAAACATAGGAAACAG-1,60,20
TCGTGTACTATGGATG-1,47,77
GCAAATATTACGCTTT-1,35,41
CAATATTCTTGACCTA-1,54,40
CAGGCGCACGGTGGTC-1,56,28
AGGTACGATATTGCCA-1,12,76
AACGTACTGTGGGTAC-1,48,42
TGGTATCGGTCTGTAT-1,7,59
CGTCGCTTGGTTATAC-1,63,25
TGTACGAACAAATCCG-1,38,58
TCGTATAGTGCAATTA-1,12,56
TAGTCTAACAACGAGA-1,40,34
GGTAGAAGACCGCCTG-1,53,71
AACGCGGTCTCCAGCC-1,23,65
TGTTTAATACTTCATC-1,9,77
CACAGCACCCACGGCA-1,31,59
GCCACAATTTAAGGAC-1,45,39
TACGACGCTTGCTGCG-1,46,54
TTAACGTCGCAAGACC-1,10,54
GGTGATAAGGAGCAGT-1,37,79
AGTTGACGGTCCTTGC-1,65,63
ACGCAATCACTACAGC-1,25,109
CATGATGCACAATTCT-1,21,69
TATTTATACCGAGTAG-1,16,78
CCAATTGAATGTTAAT-1,20,46
TTACTCTGGTACGTAC-1,43,31
ACCGAAAGGGCCCTGC-1,9,53
CCATCCATACCAAGTC-1,14,38
GAACGTCTCATGGTCG-1,31,87
AAGTGAGTCGGGTTTA-1,62,48
CAGACGAACCTGATAC-1,50,50
GCTACAGTACGGACCG-1,40,14
AAGCATACTCTCCTGA-1,53,69
TGTAGGAGAAATTTCC-1,34,86
AGTATAATACTAGGCA-1,25,33
GTGGACGCATTTGTCC-1,56,64
CATATTATTTGCCCTA-1,9,79
GGTTAGTTACGGCGCC-1,27,23
TGCCAAAGTCAGACTT-1,43,19
TCTGGGTAGCGCTCAT-1,40,36
TCGTTCGTTATTATGT-1,10,62
TTCCAGACGAGATTTA-1,39,111
GTCCTTCTAGTGGGTT-1,10,82
GCATAGAGCACTCAGG-1,37,59
GCTAGCTTGAATAGCT-1,52,44
ATGGATTGACCAAACG-1,27,61
GGACTCGACAGCGCAT-1,68,46
ATTCCTCCGCCAGTGC-1,23,39
GAGAGGGCGCGAGGTT-1,38,40
ATTGATGAGTCCTAAC-1,33,99
TATGGTTAGTGGGAGA-1,41,105
GGGCAACCGCACGTGC-1,55,19
ATGAGGAGTGTTAATC-1,25,35
GGGCGTACATTTATAT-1,24,54
TCTGTCATACAAGAGC-1,10,44
GCTAACTGAAGTCTGA-1,58,88
CCTCTATCGATTAGCA-1,52,26
TTGTTTCATTAGTCTA-1,60,30
CCTAGTTAGTCGCATG-1,12,72
GAGCATCATCCCTGGG-1,12,40
GTATGTGGGTCTAGTT-1,38,92
ACGGCCAACATGGACT-1,53,55
AGTCTTTAAAGTGTCC-1,67,77
AAACAGCTTTCAGAAG-1,43,9
GCTATACGTCTCGGAC-1,52,88
GTTTGACCAAATCCTA-1,30,58
TCCCGGGTGTGCTGCT-1,34,34
ACCAAGAACGCGTGTC-1,17,49
ACCTGCGTGTCATGTT-1,46,18
TGGCAATGGGACGGCG-1,54,106
CTGAATTTATTGCCAG-1,22,106
ACGCATTCGTGAGTAC-1,33,61
ACGTGCGCCTCGTGCA-1,17,63
TTACTATCGGCTTCTC-1,34,16
ACTTGGGACCCGGTGG-1,29,49
GTAGGTGATCCGTGTA-1,17,79
TCCAGGCGAGTACGGT-1,31,57
ATAATAGTGTAGGGAC-1,18,30
TCAGTGTATACGTCAT-1,58,36
TTGCGTGAACGCTTAG-1,14,96
GCGTCGAAATGTCGGT-1,17,65
CAAACGGTCGCACTTT-1,30,40
ACAGTAATACAACTTG-1,46,14
GACAAACATATGCAGG-1,44,100
GATCTTTGCAGGGTAT-1,36,38
CATGGTAAGTAGCGTT-1,45,73
AACTGGGTCCCGACGT-1,20,66
AGAGCGTACAAGCTCG-1,24,28
ACGACTGGTCATACTC-1,64,34
AAGCTCTTTCATGGTG-1,57,81
GAACTGTGGAGAGACA-1,68,66
CTGCACAACTACATAT-1,50,76
CTCAGGACTCACCTGT-1,16,30
AAGCACCCTGCGTATC-1,59,73
AACCTCGCTTTAGCCC-1,62,82
CGGGAATTTATGTAAA-1,45,65
TGGCTCTTGTCGCGTA-1,42,12
GATCGGATAGAACCAT-1,41,13
ATCTGTAATTGTACCC-1,15,57
GTAAGCGGGCAGTCAG-1,23,63
CGAGTTCTGTCCCACC-1,27,85
GAGCCACGGTAGTAGG-1,9,47
CAGATCATTTAAAGTC-1,22,108
GACGCCGTAAAGGCTA-1,54,54
GTAATCTGATTCTTCG-1,50,44
ATTATACTTTGCTCGT-1,18,78
GCCATTAGCCTCAAAC-1,55,13
AGGACATCGCACGTCG-1,16,38
GCGGTTCCCTATCATG-1,47,49
ATCGTTAGCTAGCGGA-1,58,98
CTTATGCGCTCAGGGC-1,43,11
AAACGAGACGGTTGAT-1,35,79
TGAAAGGACCTGACTC-1,35,83
CTTCTTACGTCGTATA-1,14,60
GGCTCGTGCCACCAGC-1,20,38
ACTCTTGTATAGTAAC-1,36,70
GGTAAATGTGCGTTAC-1,11,81
ATCTAATATCCTACGG-1,55,67
GAGCGGAATGCGGTGT-1,68,48
GCCGCTTGTGAGAAAC-1,36,40
GTTTGGTAGGGTCAAC-1,53,59
CGACAATTTGATCTAA-1,43,95
CTGGTAACACATAGAA-1,42,88
CCCTGCGCTACGCATA-1,34,24
TCTGTTACCCAGCATA-1,51,35
CGGAGCAATTTAATCG-1,54,60
TTCGGCAACCCGCTGA-1,16,88
ACTCTCTGACTTAGGT-1,42,78
GAAATGGCGGTGTTAG-1,30,52
GAGCGCTGTTAGGTAA-1,61,23
GTGCGTGTATATGAGC-1,41,83
ACACAAAGACGGGTGG-1,24,56
GGTATTGCCGAGTTTA-1,33,53
TCTCATGAGATAGGGT-1,49,87
AAACTTGCAAACGTAT-1,45,19
TCGCTAAACCGCTATC-1,19,89
GCAACACACTAGAACT-1,46,16
CGCTTAGTATTGATAC-1,66,52
TTGACAGGAGCTCCCG-1,47,99
TCTGAACCGGTCGGCT-1,21,37
TGCAGAGTACCGAGCA-1,38,46
CAGTAATCCCTCCCAG-1,21,25
ACGCGGGCCAAGGACA-1,34,62
ATAAAGGCTCGGTCGT-1,34,50
GCCGGGTTAGGGTCGC-1,41,59
TTAAGATAGGATTGAC-1,43,101
GGTACATCTGGGACGA-1,38,18
CCACCAACTTTACTGT-1,52,40
TCAACAAAGATAATTC-1,53,29
GAGATCTGCTTGGCAT-1,34,44
AGATGCAAGACGTGCA-1,58,24
TTGACGATTCAGCACG-1,9,51
TGATCCCAGCATTAGT-1,27,107
TAAGTAACATCTTGAC-1,46,40
ATCAAACACTGTTCCA-1,47,107
CGCTGTGACGCCGCAC-1,25,47
GGCGCGTTCGAGTTTA-1,47,59
GTTCGGGCGTACCATT-1,32,108
CCACACTGAGATATTA-1,39,49
GGAGGGCTTGGTTGGC-1,32,78
CACCTTGGCGCCTTTG-1,43,103
AAGCGTCCCTCATCGA-1,57,35
GCATTGTAATTCATAT-1,41,21
ACAGCATAGAGCCAGT-1,10,58
CCTAGGTAAAGGTAGC-1,51,11
CACACACGCTAACGAG-1,55,103
GTAGTTCGAAGGCGAA-1,65,39
CTCATGGTAATTTGCG-1,50,26
TTATGACAAACTGGAT-1,27,35
CTCTAATGCATTGATC-1,24,110
CGGTCCGTCGCAAGCC-1,63,51
AACAGGTAGTATGGAT-1,49,113
CCTATGAAGTGGTGCC-1,37,111
TTGGTCACACTCGTAA-1,48,48
TCCCAAAGACGAAGGA-1,26,60
TCTTACGGCATCCGAC-1,25,29
CAGTTCCGCGGGTCGA-1,26,26
ATACGTACTTAGCCAC-1,55,77
GTGATCACTAACGCCT-1,47,97
CCTATGTCCACTCCAC-1,62,92
AGGTCGCGGAGTTACT-1,26,104
GTCTATTGGTTCCGGT-1,50,90
ATTGCCTTTATGTTTG-1,64,84
GCTTCCGTCCCTAGAC-1,29,77
CACATTCTTTCGATGG-1,18,90
GAAACTCTAATGAAGG-1,13,73
AATAGAATCTGTTTCA-1,48,86
TCCACATCGTATATTG-1,69,67
CTTTAACTTTCAAAGG-1,23,67
GTCAAGCGGACTCGGG-1,39,77
TAGCGTTGGGTCTTAC-1,38,68
CACCACGCCACACAGA-1,40,8
TTGGGAAGACGAGCCG-1,68,64
ATGGATCCGGCGTCCG-1,19,79
TCCTCTACGAGATGGC-1,26,32
TCGCGTCCAGAAGGTC-1,31,29
TCGGGAACGTGCCTAG-1,31,109
TTCTAACCGAAGCTTA-1,34,90
ACTTGTAGTCCCTTCA-1,44,10
GTGGTTACTTCTTTCG-1,31,105
GTCACAAAGTTTCCAA-1,9,61
TACGATGTTGATCATC-1,35,35
GACTCACCCACGTGAG-1,38,106
ATGGGCCTCGGCCTCT-1,45,91
TTCAATACTCTGAATC-1,38,86
TCATGCAGGTTCTCAT-1,18,84
CTTTGGCTTTAGTAAA-1,32,40
CGATCTGTTGGAGGAC-1,46,24
CCGCCTGCGAATTGGT-1,15,97
CGCACGTGCGCTATCA-1,39,99
CGTTAGCTCACAACTG-1,14,90
CTTAACTTCGAAGTAC-1,11,63
CTAAATCCTATTCCGG-1,26,84
AACGTGCGAAAGTCTC-1,36,74
TGACCCACGTTAGACA-1,33,47
TAGGGTGTTTCAAGAG-1,22,54
TATATATCGAGAAATG-1,60,28
TCTCTTACCGCGAACC-1,65,43
ATCTGGTTAAGACTGT-1,26,76
AGAGATCTCTAAAGCG-1,40,18
CCGATCTCAACCTTAT-1,37,101
AAGTGACGACCGAATT-1,41,25
GTTAGGCTACCCGTTT-1,54,14
ATATAAAGCGCTCGTG-1,58,68
GTCTATCTGAGTTTCT-1,40,42
AGATGACTCGCCCACG-1,21,55
TATGCTCCCTACTTAC-1,25,61
GATTGCTCCAGTTGCA-1,63,27
TTGAATATGGACTTTC-1,34,76
TCAGCAAATGCATCTC-1,31,73
TTAGAGTTTAGAAGGA-1,46,86
CGCTTTCTTGCATTCG-1,31,85
CAGATACTAACATAGT-1,26,46
GCAAGTGTAAAGCATG-1,67,45
GAGACTGATGGGTAGA-1,28,56
GGTGTAAATCGATTGT-1,69,65
CACTAAAGTTGCCTAT-1,35,51
ATCAGCTCGTCCACTA-1,49,15
CCTCTGGCCTAGACGG-1,15,75
GAGGGCATCGCGTATC-1,11,33
ATGGGACCTGCTGAAC-1,61,31
CCCGAGTTTCTCCGTA-1,48,108
TTAACCAACCCTCCCT-1,19,55
CCAGTCTAGACGGCGC-1,24,86
AGCCTAATACCCACGT-1,50,14
ACAGCGACATTCTCAT-1,59,99
TGCTTCCCAAGCAGTA-1,62,66
CCAATTACGGGTCGAG-1,19,93
ATCGACTCTTTCCGTT-1,23,61
CCCGCCATGCTCCCGT-1,19,41
GATGCTACAAGCGCCT-1,17,51
TTGCACGGAGCAGCAC-1,21,59
ATTTCATTATTTCGCG-1,14,78
GTTTGGGCTTGTGAGC-1,51,65
TTGTGTATGCCACCAA-1,56,60
CTTCAACTCCACTTGG-1,59,77
TTCAACGACCCGACCG-1,20,48
CGGCCACGCACAAAGT-1,35,59
TTGTTTCCATACAACT-1,45,27
TTAAACCTGGTTCCTT-1,26,12
TACCAGAAGTAGGTTC-1,49,51
GAGGGCGCAGCTCTGC-1,27,89
TACGAGAACTTCACGT-1,35,39
TATCGATCTATGCATA-1,22,88
GTTGGATTGAGAACAC-1,32,88
CCACAATGTACGTCTT-1,29,85
ACTCAAGTGCAAGGCT-1,60,86
TAAAGCGTTAGGAGAA-1,28,88
GTGTTACTATGCGTCC-1,41,75
GAGATGGGAGTCGACA-1,52,72
AAGGATCGATCGCTTG-1,39,109
TGAATGTCAGCCGGCC-1,47,109
TCGGCGTACTGCACAA-1,49,13
TAGAATTAAGGGCAAC-1,10,76
CTATCGACGAAATACA-1,53,93
GAATCTGAACATTCTC-1,42,64
ACGTTTAGTTGTGATC-1,14,68
TACCGTAGGTTAACTA-1,59,57
TAGTACCTTAGTGGTC-1,21,21
AACATATCAACTGGTG-1,27,99
TAGGTGACGATAACCT-1,61,79
TGATTCCCGGTTACCT-1,64,50
CATCATCTACCCGGAC-1,11,69
TCAGGTTCTTTGAGAA-1,30,42
ACTTATACTTACCCGG-1,36,90
TGTATGGCGCAGACAG-1,43,93
GTGTGAATAACTTAGG-1,33,83
AGGTGTATCGCCATGA-1,37,17
AATGGTTCTCACAAGC-1,19,35
GCGGCTCTGACGTACC-1,38,38
TATCTAGCCTAAAGGA-1,34,12
ACCTACAGTATGTGGT-1,41,113
TAAGCAGGCGACACGC-1,35,19
GCTCCCAGTCGGTCCA-1,43,109
GTGTACCTTGGCTACG-1,26,78
CGGTAGAGGTGCAGGT-1,22,92
GCTGAATCTTCCAATC-1,59,23
TTAGACACGATCGTTG-1,16,86
CTCACTGTGATACTTA-1,63,75
ATGTTACGAGCAATAC-1,15,29
GATCTTGGAGGGCATA-1,44,70
CAATACGCTCTGAGGC-1,40,10
GATCGCTACCCGATTT-1,50,98
GGTGAGATGCAGATAA-1,16,36
GATCATTCCAAACATT-1,30,56
CTACCCTAAGGTCATA-1,31,91
TCTTCGATACCAATAA-1,32,66
CGAGGGTATCCAGGTG-1,64,60
AGCGGGTCTGACACTC-1,66,66
GAGTAAGGCCACGGGA-1,48,14
TCATATGAGCTTTGTT-1,64,62
TCCGTTTAGCCTTGAA-1,29,89
TGGTAAGCAGGATTGA-1,41,11
GCGGCAAAGTATTGCC-1,59,27
ACATGGCGCCAAAGTA-1,40,104
ACATCGTTAACCTAGT-1,9,75
CTTGCAACCGCCTCCT-1,43,25
CATGCGACCAGTTTAA-1,26,98
AGTGCGTAGCTCGTAA-1,46,42
CTCGGTTGTCGGCCCT-1,56,26
ATAGTTCCACCCACTC-1,38,102
GACACTGAGTTCAGTG-1,44,46
GATATTTCCTACATGG-1,17,89
CGTTTCACTTCGGGCG-1,18,92
CCTGCGTTCTACGCTT-1,32,14
TTCGCGCGCCATACGA-1,59,47
AAGAGATGAATCGGTA-1,27,27
AGACCCACCGCTGATC-1,49,65
CTGCACTCCAGTACAG-1,54,70
GTTCACAGGAGTCTAG-1,32,34
TTGACTACCATATGGT-1,43,41
CATGGGTCGGGTGTGG-1,21,85
CATACCCGTACCCAGT-1,37,31
TACTGCAATCAATTAC-1,22,102
ATTAAACATGCGGACC-1,43,59
ACGGGAGTGTCGGCCC-1,47,25
TCGAGACCAACACCGT-1,37,55
TTACATCGTGGCCTGG-1,20,36
AATATCAAGGTCGGAT-1,8,42
CACCCACGAGGCAATT-1,20,86
GAATGCGAATCGGTTC-1,63,69
GGACCAACAGGATAAC-1,51,67
TTGGATTGGGTACCAC-1,17,55
TTGAAGAATTCCCAGG-1,32,50
CAAGCGGCACATAATT-1,54,72
CGGGCCTTCTTTGTAA-1,41,55
TTATCTGTATCATAAC-1,22,60
TGTGTTCGTATCCAAG-1,31,21
AAGGCTGTGCTCATCG-1,30,46
AGATGATGGAGTCTGG-1,34,106
ATACTAGCATGACCCT-1,21,61
TACAGAAACGGTGGGC-1,59,85
TCGAAGAACCGAGCAC-1,45,99
CTGTCAAATGGCTCGG-1,23,83
ACTCGTCAGTAATCCC-1,36,78
TCTGCCAGAAACTGCA-1,41,79
CTTACACGGTATTCCA-1,31,45
CATGGGTATGCCTTAT-1,56,82
GCAGGTAGAGTATGGT-1,18,94
CGCGCATGTTTGATTG-1,50,54
GCCTATAGTGTCAGGG-1,29,91
CCCAGAGGAGGGCGTA-1,21,105
CAGTCGAGGATGCAAT-1,25,99
TTGGATCGACTTCTGG-1,10,60
ACAAGCAGTGCCTAGC-1,30,26
CTTGCCCAGGCTCTAC-1,45,55
AAATCGTGTACCACAA-1,44,56
TTCGACAGAGCCCGTG-1,52,68
AAGCCGAAGCGGTTTA-1,49,107
AGAGGCTTCGGAAACC-1,51,101
TGGTGATCGTATTTGT-1,26,16
TCGTCAAGTACGCGCA-1,56,38
TGTGGCGGGCTTCTGG-1,65,59
TGCATGTGACCCATAG-1,68,38
ATACGCCGGCGAAACC-1,40,78
TTGATTATGCAGATGA-1,27,33
CTCACTTGGCTGGTAA-1,40,26
AGCTCTAGACGTTCCA-1,38,76
ACCTACTATAAATCTA-1,68,58
GGAGTGCCGCCCTGGA-1,19,53
GTCATTGCATTGACCC-1,31,17
GGTATAGTGACACATA-1,34,114
CAATTTCGTATAAGGG-1,37,63
TCAACCATGTTCGGGC-1,25,51
TTAATGTAGACCAGGT-1,30,68
TAGTCTGTGACGTTGC-1,23,103
CTACTATCATAGGTTT-1,53,25
GTCAGTTTGGTAGTCG-1,29,13
CTCACATTTACTAAAT-1,62,68
GGGTTAACATTTGAGT-1,54,50
GGGAGTAATGGCTGGC-1,10,42
CGATGGACCCTACGCC-1,22,96
GATCCGGGAATTAACA-1,39,73
AAATTAACGGGTAGCT-1,34,58
GGATGCTGGCGTTCCT-1,39,19
GAGCTCTCGGACCTAA-1,15,33
GAATTATAGTGAAAGG-1,34,68
GCTGCACGGTTTCTTA-1,41,73
GCTCTCGGGTACCGAA-1,26,58
GGAGACGACACCTTTG-1,43,67
CGCCTCCCTCCTCTAT-1,43,73
CATGAACCGACATTTG-1,11,43
TCTACCGTCCACAAGC-1,27,67
CAAACTATTGAGCTTC-1,11,75
AGGTATAATTGATAGT-1,35,109
TATCCTGCATGGGAAT-1,14,54
CAATGTGCCAACCCTT-1,37,115
AGAGTAAACTTCACTA-1,48,106
TTGGAAGAATACAGTC-1,50,24
GTTCGTCTAAAGAACT-1,51,89
AAAGTCGACCCTCAGT-1,37,15
AAGTTTATGGGCCCAA-1,68,70
GACACAAGGGAAGAAA-1,30,72
GCTAAGTAGTTTCTCT-1,34,80
AATTTGGGACATAGTA-1,13,91
CCTACGGCTCAGTCGA-1,16,32
TCGGGAGACAGCGTAC-1,59,71
AATGACAGCAATGTCT-1,48,30
GCCCGCGCGTTTGACA-1,20,40
GCCAGGAGTAACCGAT-1,21,89
AATCGCGCAGAGGACT-1,42,114
AGTACGGGCACCTGGC-1,25,79
CCGAACCTTCCCGGCC-1,49,71
CTGGAAATGGATGCTT-1,29,53
GCCATCGATGCTGCAT-1,32,110
AGTCGGTTGCGTGAGA-1,40,112
CCTATATTTGTCCTGG-1,62,52
CTCGGTACCACTGCTC-1,41,81
TTACTCCGGCCGGGAA-1,34,78
TTCTTGTAACCTAATG-1,23,35
CTCTCACAATCGATGA-1,32,70
CGTGGCCGAATATCTA-1,47,101
CGAACCCGCATGCGTC-1,49,49
AAACCTAAGCAGCCGG-1,65,83
ATTACTTACTGGGCAT-1,22,100
GCGAAACTTAACTGGA-1,44,82
TCGTAAGACGACATTG-1,27,77
CCAGCTGATGGTACTT-1,37,21
TCCTTGTCCTTTAATT-1,69,69
CCTCTAATCTGCCAAG-1,23,73
TAGAGTCTAAGCGAAC-1,29,55
TCGCCGGTCGATCCGT-1,19,61
GGTAACCGGGAGGATA-1,57,27
ACAAATCGCACCGAAT-1,50,82
TAAGGGCCTGTCCGAT-1,57,95
ATCTCCCTGCAATCTA-1,16,72
GCGCATCCAGTCAGCA-1,29,95
AGCACCAGTACTCACG-1,27,65
AAGTGCCTTGACTGTA-1,44,104
ACACGAGACTCCTTCT-1,31,71
CGGAGTTTGAGAGACA-1,30,34
GAAACCGAATTACCTT-1,45,51
CAATGCGAGAAGTATC-1,54,82
AATTCATAAGGGATCT-1,23,91
GAGGTACATCCATCTT-1,12,68
GGATTCAGTACGGTGG-1,19,33
AAGTGTTTGGAGACGG-1,52,80
CATACTTAGGCAATAC-1,37,113
AGCCACTCCCGTGCTT-1,23,81
CTGTGCAGGGTAGGTC-1,42,70
CCAACCTTATGTAACT-1,67,41
GAATAGACGCGACCCA-1,42,92
CCCAACCACACTAACA-1,8,66
GTTCCAGTCTGACCAT-1,17,53
CATGCGTTAGACAGAA-1,15,63
GCTAATACCGAATGCC-1,21,47
AAGAGGATGTACGCGA-1,39,29
ATCCAGGATTCGTGAA-1,40,46
TTAGACGAGTCACCTC-1,48,80
GCACAAGTGTCGGAAG-1,10,64
CCTGTACTCACGCCCA-1,40,24
AATGACGTAGGATGTC-1,44,78
GTGCAACAAATGTGGC-1,14,62
GCGATTGTTAACGTTA-1,37,77
TAGAGGTTCTACTTGT-1,54,96
GGCGGTAGGATCATTG-1,31,69
GAAATTCACATCGCTG-1,13,49
CCGGGCGGTCTCGTCA-1,32,76
TATGGTCTGAGTAACA-1,36,58
ACAGCGCACCCGCAGC-1,10,80
TAACTCCATGGAGGCT-1,19,27
AAGGCGCGTAAAGCTT-1,24,38
GAGTATGCCCGCCTTG-1,49,43
GACTAAGATCATGCAC-1,23,53
CGCTGTGTGGATGTTG-1,59,43
CGTGCAGACTGGGACA-1,40,74
AACTCCAGAGCGTGTT-1,60,92
GCCGAAATTCCTACGT-1,35,45
TGTGGCAAAGCGTATG-1,29,87
ACCCGGTTACACTTCC-1,42,48
CGGCTTTGTATGATAA-1,8,56
CATAGCGTTGCCCACC-1,54,42
CAGTGAATAAATGACT-1,25,83
TCTTGATGCGTAGCGA-1,32,68
GCGCAAATATATTCAA-1,58,28
GGTACAAACATGCTAT-1,40,54
TCACCCTCTTAAGATT-1,45,59
CCACTGGTGGCTGGTT-1,39,21
CTAGGTTCGGACGTGA-1,58,70
CCTATGGTCAAAGCTG-1,68,68
CGGATCCTCAAGGACT-1,60,80
GATATGGATTACGCGG-1,28,18
AGAGAACCGTCTAGGA-1,26,88
TTGGATATCGTCTACG-1,48,52
GCCCGTAATACCTTCT-1,27,79
TTCATGGCGCAACAGG-1,19,75
TCGCATCCCTAAGTGT-1,15,31
TATTATGTTTGCCTGC-1,57,17
AGTGGCGGCAATTTGA-1,24,94
TCTTACAGAGGTACCG-1,15,45
GTACTTGGGCACTTCT-1,17,33
AACTACCCGTTTGTCA-1,47,113
CGCCATCCGATTATGA-1,24,80
CGAGCACTTCAAGTTT-1,23,25
CAAGCACCAAATGCCT-1,18,66
CGTCGGATAGTGTTGA-1,34,96
CCCGCGCAATGCACCC-1,19,23
CATTATGCTTGTTGTG-1,26,52
AACTGATATTAGGCCT-1,16,66
CCTCCTGTTGTGTCGT-1,62,96
TTCTTGGACGATCTGC-1,52,32
GCTGAGGCGTGAGTAT-1,40,64
TGTGACTACGCCAGTC-1,21,73
TGACGATGCACTAGAA-1,37,95
AACGATAGAAGGGCCG-1,15,53
AAAGGCTACGGACCAT-1,62,54
GTATAGGACTCAGTAG-1,20,58
TGCGCAAAGCATTTGG-1,31,67
CTCTACACTGGCGATT-1,43,17
TGGGCAATAGTTGGGT-1,46,108
CAATAAACCTTGGCCC-1,26,74
TGCTGTTGAAGAACTC-1,38,66
CGAGTTTATCGGACTG-1,37,93
GCTCAATGTAATACCG-1,62,58
CTTGTGAGTCTTTGAC-1,10,34
TCTATTACGCTGGCGA-1,14,34
CTCAAACCACTGCCCG-1,64,40
ACTCCAATATCATCAT-1,63,29
TTAACACCTCGAACAT-1,24,22
TAGGTGAGCCCTACTC-1,29,33
CGAGTGAAGGTACCAG-1,55,29
GAGGTCCCAAAGATCT-1,18,26
GTGGACGTGCTGAGAC-1,17,39
TAACATACAATGTGGG-1,38,70
AACAACTGGTAGTTGC-1,28,42
TCCGATGACTGAGCTC-1,22,76
CGTTAATGTCCCGACG-1,59,87
TTCTTGGAGTAATGAG-1,21,79
TGCCAGTACGTGGAGA-1,51,71
ATATCTTAGGGCCTTC-1,35,61
GAACCTCGACCTACAC-1,41,9
TAGCCGGCGGTCAGCG-1,33,85
GACATCCGTCGAACTG-1,65,71
GCGTTCGGAGACCGGG-1,19,103
AGATACGACTTCATAT-1,15,35
GCTAGACCGTCTACTG-1,42,104
CCTGTCACCCGGGCTC-1,29,67
GGAACCGTGTAAATTG-1,49,47
ATAGGCTAGCTTCGCA-1,25,97
TTGGGACACTGCCCGC-1,28,70
ACGAAATGGGCGGCAC-1,32,24
CAAACTACGATAGAGA-1,12,84
TCTTAGAGTGAACTCT-1,43,99
AACTCAAGTTAATTGC-1,38,44
CTAGGTCTGAAGGAAT-1,36,104
TAGATATGGACTGGAA-1,49,53
TATACACGCAAAGTAT-1,18,36
ATAAACGGACCCGTAA-1,47,61
GGTTAGGCTTGGAGAA-1,28,36
GGATGACGCGAGTTTA-1,37,45
TTGTTAGCAAATTCGA-1,22,42
TGCATGTGGTAATCTA-1,29,81
TGTGCTTTACGTAAGA-1,36,18
ACTTGACTCCCTCTTT-1,42,72
GCGACGATAGTTGTAC-1,48,54
TCGTATTACCCATTGC-1,37,25
TGAGTAAATTAGCGTA-1,47,57
CTTTACCGAATAGTAG-1,50,84
TGAGTGCCTCTTAAAT-1,45,41
AAAGACTGGGCGCTTT-1,29,15
AGCTATTTAATCCAAC-1,16,74
CCGGGTTCGAGGTTAC-1,38,32
CTAGTATTCGGAATTA-1,14,80
CACTCGAGCTGAACAA-1,48,74
ATTCATATACTGTCCA-1,46,60
GGGCGGGTTCCCTACG-1,43,37
CCATGCTCTGCAGGAA-1,21,43
CTATGGGAAGCGGAAT-1,54,104
CCGACAAAGGGAGTGC-1,33,21
TACGCTATAGAAACCT-1,34,104
ATATCGGTAGGGAGAT-1,38,110
TTGTTTCACATCCAGG-1,58,42
TTCAGCCCTGGTCCAC-1,47,85
CTACTATCTTTCAGAG-1,29,93
AGATAACTTCAGGGCC-1,32,44
GTGAGGACACTTAAGG-1,41,77
TGCGAATATGGGATTT-1,45,13
TTAGAAGAACATGACT-1,52,64
TACCTTAAGATTTCCC-1,49,29
TACTTTCCGCACGCCA-1,47,19
GGATGTCCTTACCGCA-1,35,91
TCTCGACGTATCGCCG-1,45,113
GGGCGATATGTGTGAA-1,28,58
TGCCTTGGCCAGGCAA-1,52,82
CTTAGTAGGCCTACAG-1,32,102
GATCTGCTATCTAAGG-1,62,56
GTGGCGGTCCCAGCGT-1,40,20
TCCGCTTATCCCATTA-1,50,64
CCATACCTTTACTTGT-1,30,102
TTGAATCGTTGTATAA-1,48,10
CCTCCCGACAATCCCT-1,9,63
TGCTAAGTGTCTATTT-1,52,90
CTTTAGGAACACTGTT-1,41,87
AACTCTCAGTGTGCTC-1,53,41
TCTAGGTGGCGACGCT-1,29,99
ACTCGTAACCCGTCCT-1,49,23
GGTCTCTGAATGGACT-1,52,34
CCATATGGAAACTATA-1,53,103
GGCTCGCGTTGAGGTA-1,31,93
GATACGATGGGAGTCA-1,45,45
CATATGTCAGGCTACG-1,48,24
GGTCGGTAATTAGACA-1,12,36
TCCTTCAGTGGTCGAA-1,15,69
ACGAGATATTTGCTTA-1,9,81
TGGCCAATTTGGTACT-1,49,11
ATCGGTTACCTAGTAA-1,34,8
CGCGTTCATGAAATAC-1,27,51
ATGCCATTTGCGACCA-1,43,91
TTGACCGTGTTAATGA-1,50,34
GAAGCCTGCACATTCC-1,61,61
TGAGATTAGGCCCTAA-1,16,94
ATTATCGGAATGTACG-1,69,57
TTGTAAGGACCTAAGT-1,46,32
CCCTTTGACAGGTCTT-1,50,56
CCTGTCGCCCGTAAAT-1,36,62
CACCGCCAGAAGGTTT-1,27,59
ATAATCTTGGAGAACC-1,61,77
ACCCATTTGTCCCTCT-1,60,100
TATTCGTGCCAGAATA-1,34,64
CCGTACCCAAGCGCCA-1,12,34
AGACCCGCCCTCCTCG-1,26,56
CTATTCATGTGTCCCA-1,52,62
TGTAATGACCACAATA-1,36,14
ATGTTCGTCGACCCAC-1,34,14
CATTGCGAAATGGGCG-1,36,12
TAGCTAGAAGGCATGA-1,51,51
AATTCGATTCGAGGAT-1,66,76
TTGTAATCCGTACTCG-1,35,55
GGATGAAGATCGCTGA-1,42,94
AAATGCTCGTTACGTT-1,16,24
GCGGTCCCTAGACGCA-1,13,45
ATATTGCTGTCAAAGT-1,18,32
TGGCAAACTAAATTAC-1,50,78
CTAGGCGCCCTATCAG-1,51,91
GATCCTCGACACTGGC-1,50,32
GTCCAATATTTAGCCT-1,65,53
CAAGATATTATAACGT-1,45,89
AAGTTCAGTCTGCGTA-1,18,104
GGGAGGATGCCCGAAA-1,37,51
TTGGACCTATAACAGT-1,56,86
CCCAATGAGATTTGCA-1,60,40
ACGATCATACATAGAG-1,25,63
GTTAACATCACTTAAA-1,55,73
GGCCGAGACTCTGGTG-1,62,32
AGGGCAGCGGCGTGGT-1,8,74
GCGAGTTCTGCAAAGA-1,35,63
GAGTGTCAACCAGAAA-1,63,83
CACCTAATCAGTTTAC-1,20,72
TCAACTAACGTATAAC-1,31,19
CGACTCAGGATGTTAT-1,23,89
GTGAAGATTTCAAGTG-1,21,103
CCGAAGTATATTGTTC-1,22,22
GTGATCATAGATCTGC-1,45,57
AGTGAGACTTCCAGTA-1,35,87
AACCGCTAAGGGATGC-1,46,92
CATAGCCGCCCGGGAT-1,26,22
AGTTACTCTATCGTGG-1,15,89
TTCTAGAAAGTCTTAT-1,60,46
CCACGGTGCCCGGTAG-1,35,107
AGCGGCGGTTAGCGGT-1,50,12
TAGGTCCAAGTAAGGA-1,29,23
AAGGTATCCTAATATA-1,25,81
ATGGCAGCCGAGAAAC-1,33,9
GAACAGATTACTAAAT-1,57,71
TCTGAACTCGTACCCG-1,47,95
CCCTCCTCGCTCGTAT-1,50,106
CAAGGTCCTATAGGCT-1,34,110
TTGGCCTAGAATTTCG-1,16,82
CCGCTATCAGCACCAG-1,45,63
TTCGCACTCGCGTGCT-1,25,45
CCCTGCCCAATCCGCT-1,41,19
TGGACCAATCTAAGAT-1,62,80
CCAGCTTCCGCCCGCA-1,29,17
CGCTTATTCCCGGTCG-1,42,30
TAGGTTCGAGTTCGTC-1,35,67
CAAACGAGTATCGCAG-1,47,47
CCCTATGTAGAGCAGA-1,60,24
GAAATACTAAACGTTT-1,18,22
CTCCCTCCTTTCGATC-1,51,23
CGGCAAACATCGTGCG-1,52,66
AGCCCTTCTAATCCGA-1,17,103
TCTTGCTCCCGATACT-1,65,67
GGCAAGCCCATAGTGG-1,67,61
ATAGACAACGGGACCT-1,28,92
CAGCTCACTGAGACAT-1,33,59
AAATCTAGCCCTGCTA-1,53,101
GATTCCCTTGTCGCAG-1,25,67
TTCCCGGCGCCAATAG-1,46,12
TTAGTTATTCGTGGCA-1,47,91
GGTCTTGAGCGCTCTT-1,65,65
GTCCTACGAATAGTCT-1,53,91
ATCCAGAGCAACAACC-1,50,52
GCGTTATATTTGGAAC-1,31,13
CCTGTCCCTCACGTTA-1,36,114
AAGGGACTATGCATTC-1,60,26
CGTGACCAGTCCTCTG-1,63,55
TCAGAACCTCCACAGG-1,30,106
GGTTTAGCCTTTCTTG-1,46,102
AAACCGTTCGTCCAGG-1,52,42
TGGCTATGTGACATAC-1,60,82
GCCTCCGACAATTCAC-1,60,98
TTATATTTGGCAATCC-1,26,64
GTGGAACCTACATGCG-1,15,81
TAGTCCGCAGAGAATG-1,39,53
CCAAGAAAGTGGGCGA-1,52,52
GAGCGAGGGAGTACCG-1,14,58
ATCTTGACCTGCAACG-1,26,44
CGAGACCCTAGAGTGT-1,43,61
TACAAGTCTCGTGCAT-1,31,27
CAGCTTAGTAGGTAGC-1,32,28
GGGTCACCGTGACGGT-1,35,47
GCGCTGCTTTGCATTT-1,28,94
ACCGATGGTAGCATCG-1,36,92
CCATGGCCCTTGTACC-1,32,22
ATGTAGCGCGCGTAGG-1,68,72
GCGTAAATGGCCATAA-1,34,102
TCGGAATGCGCTCTGA-1,30,28
CGGTTGACCTGGCATA-1,39,25
GGTTCTACTCGTCTGA-1,39,105
AGGGCTGCAGTTACAG-1,35,65
GGCCGGCGTCTGCTAT-1,65,79
TTCTGCTAGACTCCAA-1,28,106
AGGGTGCCGTTCTTTA-1,65,33
CGCTGGTGACTACCCT-1,48,98
CGTCTGGAAGGGCCCG-1,16,62
ACAATGAATACGGAGA-1,57,31
CTAAAGAATGCCTACT-1,36,36
CTTAGCCTTCCACATG-1,22,78
GTTGGATTCAGTGGCT-1,16,96
GCATTCGAAATGAACA-1,28,14
CTTTAATATTGGTCGA-1,51,73
ACATCGTATGCAATGG-1,45,81
GAAAGTGACTAACTGC-1,25,31
GGCACTCCACTGGGCA-1,34,46
AAACAAGTATCTCCCA-1,50,102
GAAGTCTCCCTAGCGA-1,37,91
AACTCTCAATAGAGCG-1,35,93
TCCGCGGCAGCATCTG-1,34,84
CCATAGGTTGGCGTGG-1,18,62
CCTGTAAGACATGATA-1,37,41
TCGCAAAGATGCATTT-1,47,75
TTGACGCTCCATGAGC-1,41,101
CCTAACTAAGGCTCTA-1,21,93
ACACCTTACTACTTGC-1,41,111
CCAGTCAAATCTCTTA-1,42,8
TCGAAATTTAGGACCA-1,29,45
CGCTATTCTTAGGCTC-1,38,60
CGAGAGATGTGAACCT-1,29,73
TCACTCGTGCAACGGC-1,15,93
GAAACAGCCATGCAGT-1,13,61
CATAGTCCACAAGAAC-1,45,31
CTTCGGCCAATTGTTT-1,50,110
GGTTTGAGTGCTGGAA-1,12,42
ATTTGTCTTGGGAGCT-1,40,84
AGTCGTGGGCATTACG-1,51,29
CGCTCTCCGTAGATTA-1,33,37
AGTTAAGTCAACCGCT-1,51,25
CCGCGGGTACGAAGAA-1,32,26
GATCCTAAATCGGGAC-1,27,95
CGCTAGAGACCGCTGC-1,39,101
AACGCTGTTGCTGAAA-1,54,94
GCCTCATCTGGAAATA-1,41,95
CTTTGCATCGCTCTTG-1,60,94
GTGATCCTTGTCATGA-1,62,84
CATTTGAGTGGTACGT-1,50,48
TAGCTAAGTCCGGGAG-1,29,57
GTGGGAAGACTGAATC-1,45,15
CGAGAGCTTTCACTAC-1,64,88
GCCTATTCCGATATAG-1,24,30
CTAGCATAGTATAATG-1,34,66
TGGCTTTGGGTAGACA-1,19,51
ACTACCAGCTCTCTGG-1,25,41
GTAGCTTCCTCTTGTT-1,31,89
AGGGTTTAGTTCGGGA-1,33,63
GAATTCACCCGGGTGT-1,47,55
AACACACGCTCGCCGC-1,51,93
CCAGCTCGAACGCATT-1,63,65
GCCCGACTTCTTCCCG-1,49,25
TTCCGGCCTTGAGGCT-1,54,44
GTCAGAATAGTCTATG-1,30,32
AGTATGCTGGAGACCA-1,58,26
GTATCTTTCATAACCA-1,46,66
ATAAGTAGGATTCAGA-1,27,103
CACATATTAGCAGGAT-1,47,73
GAAGCGTGAGGAATTT-1,34,60
ATTTACAGTTTACTGG-1,30,38
CCTCACCAATCTTGAC-1,17,35
AAATGGTCAATGTGCC-1,33,51
GAGGGAGTCAGATCGC-1,65,41
TAACGCTTTGAGAGCG-1,27,29
CTAGTAGAAAGGGATT-1,63,81
GCCCACCAAGGCTGTC-1,12,38
AGGCCACCCGTTATGA-1,28,38
ACTTATTAGGATCGGT-1,38,52
AAAGTCACTGATGTAA-1,10,52
AGTGCTAAACACAGCA-1,61,91
GACTCCCAGAATAAGG-1,27,111
GAGGTACGCGTGTCCC-1,67,67
GGTTAGCTATATGTCT-1,47,87
GGATTCCGCTATACCC-1,19,81
TACTGGACAGCTCGGC-1,35,25
CTGGGTAGGCAGTTAA-1,43,79
CCTCTGTACTATTCTA-1,53,61
TGAGAATGCTTTACCG-1,18,54
CCTGTTTGAAGACACG-1,58,94
TTGACATGAACGTGGA-1,44,32
GGGCGTCCACTGGCTC-1,16,84
TCAGGGTGTAACGTAA-1,28,72
ATTAGGCGATGCTTTC-1,37,71
TTGGCTCGCATGAGAC-1,23,37
TTCTGCGGGTTAGCGG-1,40,80
ACTTTACCCTCATGAA-1,32,106
AGTTTGGCCAGACCTA-1,47,31
CGTTGTCGGCAATTGA-1,64,66
CATGACTTCGCTGAAT-1,40,106
AATCATGTAAAGACTC-1,54,98
TTCTACTTGCGAGGGC-1,22,32
ATCACGTGCTAATTAA-1,46,36
CGTCGCATGTGAGCCA-1,65,77
TCGGCGAACCCAAACC-1,49,105
CCTTCTTGATCCAGTG-1,19,73
AACGATAATGCCGTAG-1,53,73
TGAGATCAAATACTCA-1,7,63
AGATACTCAAGATCGA-1,46,82
ACTCCCTAGAATAGTA-1,48,70
AGCAGAAGGAGAAAGA-1,64,68
GCGAAGCCATACCCGT-1,31,61
GTGGTGGCCAAGTGAA-1,45,79
TAGCGTCCCTCGATTG-1,45,109
TTCAGCTGGCGTGCCC-1,55,95
CAGTAGCCCACGCGGT-1,25,91
CGGGAATATAGTATAC-1,47,105
GACTCGCGGGAATGAC-1,28,96
CAGTACATTCTCTAAA-1,20,102
CACCCTAACAAGATCT-1,56,80
CATACGGCGTCTGGGC-1,39,63
TATCACTTCGAGTAAC-1,17,99
GATGGTGCCCTAGGCA-1,10,78
AAATTACACGACTCTG-1,14,86
TCTTCGAATAGACGTT-1,39,71
AGGATAAAGTCGGGAT-1,53,65
CATGAGATGCACTCTC-1,59,79
CACAATGAGCTGCTAT-1,42,50
CGCAATTACTTTCGGT-1,23,33
CCGCGTAGGTAAGGGC-1,30,22
CCTTCGTATAGAATCC-1,69,61
GCAACGGCTAGTTATG-1,43,113
AACAGGATGGGCCGCG-1,29,31
CATACTTCTTTCTCCG-1,68,52
CCATCTCACCAGTGAA-1,38,98
GCTATCGCGGCGCAAC-1,20,24
TAGTTAAGATAGGATA-1,12,82
GATCGTGACTGATATC-1,38,72
CATTTCTAGCAGACTA-1,16,26
ATTTGCGCGAGTAGCT-1,53,31
AGAATTATGGATTCGA-1,32,98
CGTACCTGATAGGCCT-1,22,68
TGGTCCCACGCTACGG-1,52,74
GAAACCATGGTGCGCT-1,27,109
GTCGTTATTCGCTTAT-1,46,76
CGGTCAAGTGGGAACC-1,26,80
TTGGTTGCGGTGCGCG-1,53,23
GCGAGGCCCGAGCAGA-1,37,47
AAGGGACAGATTCTGT-1,26,92
AGGTAGGTACAAAGCT-1,35,31
GATGAGGAACCTTCGG-1,67,81
TCGGAGTACATGAGTA-1,32,74
TTAGTAGGGCGGCGGG-1,34,26
TTGATGTGTAGTCCCG-1,24,90
GCAAACCCTACATTAT-1,48,82
TTACATGCCACAACTA-1,41,103
CGCGAGTCTGCCGGGT-1,52,20
GACTACAAAGCGGTGG-1,49,21
GGGAGAACTCACAGTA-1,32,64
TCTATTACTAGAGGAT-1,41,15
ATTCCCACATAAACAA-1,26,24
AGGGTCAGAGCACTCG-1,68,40
TTCTTAGTGGCTCAGA-1,17,61
ATCCTACCTAAGCTCT-1,44,48
AATGGTCCACCGTTCA-1,30,16
CACATTTCTTGTCAGA-1,44,108
TTGCTCCCATACCGGA-1,22,72
TCAACATAGCGCCCTA-1,58,44
GCTGGCATATTCACCT-1,31,31
ATAGGGATATCCTTGA-1,21,71
GGGCCCGTCTTAAACA-1,42,52
ACCATCCGCCAACTAG-1,44,12
CGAAACATAGATGGCA-1,11,77
GGACTCGTGAGTGGTC-1,64,38
TTCCGGTTACCCACTT-1,45,87
ATCTGCACCTCTGCGA-1,29,101
TATTCCTCCGCCCACT-1,48,32
GCTACGACTTATTGGG-1,43,69
GGCTCCTCCACCTGTT-1,59,35
ACCCTTCATCTGCGAA-1,13,65
GCGGAGAGGGAGAACG-1,46,78
GTGCCATCACACGGTG-1,42,34
ATTAGATTGATAGCGG-1,19,49
AAGACCCAACTGAACA-1,60,54
GAAGTGATTTATCGTG-1,39,47
TCTAGTGATATCGTGG-1,44,98
CGGCAGGGTCGGGTTG-1,32,94
TCTAGCATCTTCGATG-1,23,43
GTGAGGAGCGGTTGAG-1,13,87
ACATCCTGGTAACTGT-1,42,102
CACCTTGCGAAACTCG-1,24,84
GGCATATCGGTTCTGC-1,17,83
ATTCAACCATTTAAGG-1,58,100
AGGGAAACGAGGTACT-1,13,89
CACTTCGCCACAGGCT-1,21,31
AGTCACTAGCTCTCGA-1,55,99
TGGACGCAATCCAGCC-1,58,20
AATGCAACCGGGTACC-1,25,59
GAGCCAGCTACCTGTG-1,53,89
AGTCGTCGACCACCAA-1,57,91
ATTGGATTACAGCGTA-1,54,102
TCAGCAGTAGGCCCTG-1,61,41
CAACTGCTCATCCGAT-1,59,55
TTCAAGCCGAGCTGAG-1,13,75
CCACCCAAGGAAAGTG-1,37,75
CGGTGTACTTGATCCC-1,17,31
CCGAGAAGTCGCATAA-1,46,112
ACACCCGAGAAATCCG-1,19,39
GCCATCGAGCTGCGTG-1,53,47
CCTCGCCAGCAAATTA-1,18,74
CCATGCCTGTTTAGTA-1,35,53
CAGCAGTCTGTGCTGC-1,62,74
CAGGCAGTCTTACCAG-1,65,85
AATCTATGCCGGAGCC-1,26,110
TGCGCGATTAACGGAG-1,27,41
GCTTGGATCGATTAGG-1,31,97
AGCGGACACTTCGTAG-1,62,62
CTACGCACGGAGTACC-1,35,57
TGCGGCATAGTTCAAC-1,12,54
TTGCCCTGATCACGGG-1,36,34
ATGCACTACCGCATTG-1,27,45
ACCCGAGCGAAATTAC-1,61,29
TTAAACTCGAATTCAT-1,31,95
ATGTTGTAGTCTGTTT-1,65,47
AACACGAGACGCGGCC-1,45,21
CTAGATGTGAGTGTAA-1,33,103
TTACAGACCTAAATGA-1,26,96
CCGGTAATGGCTAGTC-1,38,114
CAAGTGTGGTTGCAAA-1,40,94
ATCTGACATGGAAGGA-1,63,41
GATATGCGGTAGCCAA-1,19,91
TTCAAAGTCTCTAGCC-1,35,75
ACCCAACGCCCGTGGC-1,30,86
GGCAAGGCGAAATAGC-1,45,69
CCGCGATTTGGTAGGT-1,39,9
CTCTTGTCCCGCTTGG-1,54,58
CAGAGCATGAGCTTGC-1,26,70
TACGTACTAGTGCTGA-1,62,42
CTCATTGCTCTAACAA-1,60,78
GATAACTCGCACTGTG-1,39,89
GACAGGCACACACTAT-1,38,22
GTAGACGTCGTTACAT-1,13,39
TGAACAAGCAGGGACT-1,66,36
TGGAAGGATAAAGATG-1,20,68
TTAGCTGATTTGCCGT-1,38,94
CGTGTCTCGTTACGAC-1,60,34
AATATTGGAGTATTGA-1,36,22
ATGACGCGTTCTATCC-1,52,30
CGCATGGTGCGATGCT-1,40,66
ACGTACAGATTTCTCT-1,10,66
CTAACTGGTCCGGTTC-1,50,36
TTACCCTAACAGTCCT-1,24,24
CTCTATTTGGCTGCAG-1,48,68
CAATTAAGGGTGATGA-1,29,65
TGACGAATATTTCCCT-1,44,22
ACATTAGTTTATATCC-1,51,61
GCGCTTAAATAATTGG-1,57,89
CGGTGCGCGTTGGTCC-1,49,39
ACGTAGATTGCTGATG-1,33,67
GTTGGATTTGCGTTGG-1,36,50
TCCAAGCCTAGACACA-1,67,79
CGGCCCAACCTGTAGT-1,28,112
TTGCTGAAGGAACCAC-1,19,57
TCAGTACTGACCCGCG-1,26,34
ACGCTAGTGATACACT-1,28,100
CCGGCGTGAGACTCTG-1,47,11
TCGGGATTCAAACATA-1,39,15
GCTTACGTAGTTAGTA-1,36,112
CGGCCCAGGTATATCC-1,43,105
GTAAGTAACAGTCTGG-1,40,82
CAGTACCAGTTTACGT-1,48,18
GCTGTTGCTACCGAAC-1,39,95
GACCGTTACATGCGAC-1,38,6
ATTACATGTCAGTCTT-1,50,108
GGATCTTACTGCCCTT-1,65,35
CATAGTAGCATAGTAG-1,19,45
CATGGATTGTCTTCCG-1,55,101
ACAACAGCATGAGCTA-1,32,72
TGCCGGATGTACGAGC-1,62,34
CTGCGTTACGATATAA-1,16,90
TATACACAGACGCCTT-1,50,60
GTTTGGTGATCGGTGC-1,66,38
TTACTGGGATATTTCA-1,44,54
CATCATTACCCTGAGG-1,52,94
GATGTCGGTCAACTGC-1,9,73
CTTCAGTGGTCGCCTA-1,54,18
CGCGGCTCAACTTGAA-1,43,97
GAAGTTTCCACTCAAT-1,36,46
GTAGCTCCGGGAGGCT-1,65,37
TGCGACACCCTAGTGC-1,46,46
GACGACGATCCGCGTT-1,52,70
GCGTGGTACTGGGTTA-1,35,95
GGAAGCTCGCTTACAG-1,11,83
CTCATTTGATGGGCGG-1,22,62
ATGTACGATGACGTCG-1,66,64
GTTACAATTGGTGACG-1,37,33
ATACGTCCACTCCTGT-1,47,93
ATTCGACGCCGGGCCT-1,36,26
CTGCTGAGGCCACGAA-1,49,35
GAGCGCGCACGAGTAG-1,49,93
AATCGCCTCAGCGCCA-1,39,79
ACGCCGCTAGACGACC-1,43,71
GTCCATTACTGCTACG-1,42,106
TAGACTACCTAGCGTT-1,38,104
TTATCGCCTGCGAAGC-1,27,17
GAAGCCACTGATTATG-1,65,69
GCTCCTGACATACTGG-1,56,32
TGCGTCATGACTGAGC-1,53,21
TGATTCGTCTATCACT-1,31,41
ACTCAGACCTGCTTCT-1,9,43
TTGGGACGTAAGAGTT-1,51,109
CATAACGGACAGTCGT-1,36,94
GGCTATTAAGTTGTAT-1,33,41
AGTTTGCACCTGCCTC-1,58,74
CAATGGATCTCTACCA-1,28,86
GGTAGTGCTCGCACCA-1,34,72
CATGTAAGAGACATTT-1,54,90
GTGACAGCTTCCCACT-1,64,74
AGCTGAAGTAAACCAA-1,20,84
TAGACGCCCGTACCGG-1,32,90
TGCCAATGGGTACTCT-1,54,52
GACCGTGCTGACGGTG-1,40,52
GTCATGGACATGACTA-1,26,62
TCAAACTTAGATTGTT-1,31,65
TGAAACTTATGCAAGC-1,11,73
GACGTGTAGGGATTAT-1,28,32
CGCACATGTCCACTAC-1,39,87
TGCGTTTGTTGACACT-1,42,76
GGGTGTTTCAGCTATG-1,16,68
GTACACTTACCTGAAG-1,36,64
AGTGATAACCTGCGCG-1,59,89
CCGGAATGGTTTCAGT-1,24,32
CGAACGCCCAGTGCCG-1,14,70
CGTCGGGTCTAAGCGC-1,54,22
AACCGTTGTGTTTGCT-1,12,64
ACAATAGTCGTACGTT-1,42,20
CCATTCCCTGCCCACA-1,33,39
ATTAATTCGGTCACTC-1,14,66
GAGATCTGTCACTCCG-1,30,74
TTATGAATGAAAGGGA-1,41,63
CTGTAGTGAGGATCGA-1,69,43
TTACCCATTGCCGGGT-1,17,85
GGCAGCAAACCTATGC-1,51,103
GCGGTGAACTGCGCTC-1,20,94
TCTTCTATAACCCGCC-1,45,107
AATGCACCAAGCAATG-1,19,97
TTGACCAGGAACAACT-1,64,80
CCAGATAGTTGAGTGA-1,28,84
CGAGAGGGTAGCCGCG-1,56,104
AGAAGAGCGCCGTTCC-1,38,88
AGGTTTCACACACCTT-1,41,67
TGTACCTACACGAGGG-1,59,91
GTGCGGGTCTCCAAAT-1,20,56
TGAGCCATACAGTCTC-1,42,38
TACTTGTTAGTAGTCC-1,37,87
CAGCCTCCTGCAGAGG-1,23,77
AGACTAGCCTTCCAGA-1,28,46
GTGACGCAGGTTTCAT-1,65,75
CCTGACCACCGATGGT-1,45,61
AGACCATGGGATACAA-1,22,28
TATGGATGTGCTACGC-1,26,54
CGTGCTTCTACCTAAA-1,62,28
ACACACCAGGACCAGT-1,44,90
AGGTAGATCGAGATAT-1,63,35
ACTTCGCCATACGCAC-1,27,75
TCGGGTGAAACTGCTA-1,10,56
TTACTAAAGGACTTTA-1,48,78
TGCATGGATCGGATCT-1,19,67
CAGCTCGTGCTTGTGT-1,14,42
CTCGGGTTCTCTGGCC-1,61,27
TGATCAGGGAACTGCT-1,42,24
ATTATCTCGACAGATC-1,7,61
CATACACGGTTCCCAC-1,61,55
CAGAGGCGATGCATGA-1,54,48
CACGCAGCGAGGCTTT-1,31,43
GATATGAGACACTAAC-1,39,81
CCTCTCTCCCATCTAG-1,34,36
ACAAGGAAATCCGCCC-1,49,75
GTAGTCGCGGGAATCA-1,49,81
ACTTTCCTATAGCTTC-1,28,62
TCGTGTCACGCTGACA-1,43,23
CAAATTGTCAGCAAGC-1,13,67
TCCACCTCTAGCCTTT-1,61,53
CGTTTAAGCGGAGCAC-1,13,59
GCGGAGAAACTTCGCA-1,55,33
TCCTGCCAACTGGAGA-1,12,90
GCGGACCGCGTTGTGG-1,51,43
CACTCAGCTCTTGAGG-1,11,71
CGGAGCTTATAACACC-1,10,86
CCCGCAGGGCCCAAAG-1,11,79
TAACTATCGAAGGTCC-1,24,34
TTGTCGTTCAGTTACC-1,22,58
GATCGCTATATCTCAG-1,61,25
AAAGTGTGATTTATCT-1,44,94
CTTTGGGATTGTTGCA-1,62,44
GAGTAGATACTAGTTG-1,62,64
TCACCGCTCGGCACTC-1,30,92
GAAATATCACCATCAG-1,33,23
TTCCAATCTGGCTATC-1,48,46
GAACCTTTAACGATCC-1,63,79
TAGGTCGCCGGAACTG-1,32,100
GCCGCATTAGTCCGGC-1,35,17
TCGCACCAGGAGGCAG-1,50,80
AGTCCATTGGCTGATG-1,42,100
CATTTAGCGGACCATG-1,25,85
CACGCGGAACTGTTGC-1,42,98
AGCGACAGGAACGGTC-1,51,37
TGCGGTGAAATTTCAT-1,12,66
AGTGTATTGCGCATTG-1,17,95
GTAGAGGGAGACAAGT-1,51,31
GTTAGCCCATGACATC-1,67,75
GCCCGATCTGTGGTCG-1,53,63
AGAAGGTTGCCGAATT-1,42,44
GGATTGCTGTGACTCC-1,60,84
CTGAAAGAGATCCGAC-1,19,69
GTCAAAGTTTACATAG-1,13,29
TAGAAAGGTGGCGCTA-1,31,81
GTGACGAGGGTGACCC-1,32,114
CCTCCTGAGCCCACAT-1,38,8
TAACCGCCCGCAGTGC-1,9,49
ACGATCATCTTGTAAA-1,36,102
TGGGCGATACAATAAG-1,68,62
GAGTACGGGTATACAA-1,15,43
AAAGTAGCATTGCTCA-1,51,27
AATTAGCGCTGCAGCG-1,51,63
CCGTTCCGAATCTCGG-1,40,22
CGTCGTCCTTCGCGAA-1,56,76
TCCACAATGGTTTACG-1,30,36
CAGTGTCCGCAGAATG-1,15,37
CCGTATCTCGTCGTAG-1,53,27
TCCCTGGCGTATTAAC-1,58,18
AGTCCCGCCTTTAATT-1,17,93
TCGTTGCTATCCGGTC-1,54,46
TTGGAGTCTCCCTTCT-1,8,44
GGCCCTCACCCACTTA-1,37,23
CACATGATTCAGCAAC-1,38,64
TATTTAGTCTAGATCG-1,18,58
TCGCCGACATATTCGC-1,66,86
AGTCTTCTCCTCAAAT-1,24,66
GCCAAGAATACTTCTG-1,46,10
TTGCCAAGCAGAACCC-1,44,114
ATGCGAGTCCCACCAC-1,48,104
GTTTGGCCGCTCAGCG-1,12,32
GCCCTAGCCGTCGCGA-1,54,16
GGGCCGGCCGAAGTAC-1,36,84
GATGACAAGTAGGGCA-1,57,33
TCCCGTCAGTCCCGCA-1,23,75
CTCATGGCTCACAATC-1,13,63
CGCCGCCCATGCCTGT-1,39,83
CTGGATTTACACTTGA-1,49,55
CGAACAGTATGGGCGT-1,50,96
GCAGGAACTTAGATCT-1,53,15
GTATTCTGAGAAACGA-1,48,38
GTCTACTCAATTACAA-1,37,13
ATCCAATGGTACCGAA-1,36,6
GACATCGATTTATAAC-1,52,50
CCGCATGTGGTACGAT-1,56,66
AGCAAAGGCCGCTAGT-1,60,72
TCAACGCGACCGGCAG-1,39,23
TTAAGGCCCGTACTTT-1,59,25
CACTGACGATTGTGGA-1,65,51
CTGTGGTCGGGAGATA-1,55,89
CACAGCTAGGGAGTGA-1,20,60
TTGCTGATCATGTTCG-1,33,57
GCCGATTGGCCAAGCT-1,41,61
AGTGACCTACTTTACG-1,44,52
CAGGATATATCGTTGT-1,44,60
CTGCGGGTGAAATGTT-1,31,23
GTCTTGTAGCTATTCA-1,44,112
ACATCAGCTGGGACGC-1,32,12
CCCGAAGTTTCGCGAA-1,45,11
AAATACCTATAAGCAT-1,47,69
TTCACTCGAGCACCTA-1,55,69
AACTTGCCCGTATGCA-1,29,27
ATAATAGCTGTTGAAT-1,47,63
CAGGCCGTTTGGGTGT-1,39,43
ACTGCCGTCGTAACTC-1,16,70
CTGAATCCGAGACCTC-1,47,53
CGAAGCTATAAATTCA-1,19,105
TAAGGCTGAATCCCTC-1,45,97
GCATGAGGGACGCGGC-1,30,90
TACCAGCTAGGTTTAA-1,11,65
CGCAATTAGGGTAATA-1,28,44
TCTATCATGCAGTTAC-1,18,40
AAGAGGCATGGATCGC-1,36,80
ACTTGTGGATGGAACG-1,52,108
AACAATTACTCTACGC-1,29,25
AGATTATAGGACGTTT-1,36,54
ACCAACGCTTATTTAT-1,53,49
CGCATTAGCTAATAGG-1,27,57
TTGCACAATTCAGAAA-1,43,57
AGTGCACGCTTAAGAA-1,52,96
GGCCTTTGCAACTGGC-1,36,8
ACAAATGGTAGTGTTT-1,44,84
AATAGAACAGAGTGGC-1,52,46
CGGCCAGAGCGACCAT-1,67,49
TCTTGGTAACACCAAA-1,21,65
GGTCAGTGGGTCCCAC-1,48,62
AACCTTTAAATACGGT-1,54,68
GTGGGCTTAGACACAC-1,29,39
GATCGCGGGCTCTCCA-1,36,52
CACTGTCCAAGTGAGA-1,19,43
ACGAGGATACCACTCT-1,50,18
TGCTCGGTGGGTCACC-1,66,72
TAGTAGCTTATACCAG-1,61,43
GATCGGTGGCCATAAC-1,28,68
AGGATATAGGGATTTA-1,46,96
TTCGGGCGCTAGTCTT-1,55,37
CCTGGCTAGACCCGCC-1,29,43
GGAGCAACATTTCAAG-1,57,103
TATGGCCCGGCCTCGC-1,30,30
TTCGACGGGAAGGGCG-1,24,44
TGGGAAATGCCTTTCC-1,23,27
TGGAACCACTGACACA-1,24,102
TGTTATTGTATGTGGC-1,44,86
ATATCTCCCTCGTTAA-1,19,87
GAGAGGTGCATTCTGG-1,44,28
AACCCAGAGACGGAGA-1,15,39
AAGGATGAGGGACCTC-1,27,87
AAAGACCCAAGTCGCG-1,10,48
GAACGACCGAATGATA-1,19,63
TCACGCATTGTAGATC-1,33,49
AATCCAAGGGCCTGAG-1,13,47
TTCCGCAGAGAAATAT-1,21,101
TGGTTCGTAGCAAAGG-1,23,55
TGGCAGCAGTAATAGT-1,39,61
TAGATGGTTCCTTACT-1,59,97
AGGCATTGTCGTAGGG-1,49,99
TACTCCTCTAGTTGAC-1,64,36
CAACTTGTAGTGGGCA-1,9,41
TGGTTCAACGGGTAAT-1,50,74
TTAACTTCAGGTAGGA-1,46,26
CGTAACTTCGACACTT-1,68,50
TGTTCGTATTGCGGTG-1,49,61
CCGGCGCATATTGGAT-1,14,56
ATCCAACGCAGTCATA-1,25,37
TATAGATGGTCGCAGT-1,40,102
GTGAAACGTGCTCCAC-1,11,37
GTCGTACCATCTCGGG-1,46,62
TCCTAAATTGGGAAGC-1,56,70
AGCCAAGCTTTGTGTC-1,64,58
TCGCTTTAAACGTTTG-1,25,87
TAACATACACGCGATC-1,55,25
TTGACTATTGTCCGGC-1,46,104
GGATCTTGACTCAACC-1,51,17
GCTGCTCTCCGGACAC-1,31,63
TCACAAACCGAGGTAC-1,61,95
GCCCAGTTGGTATGCC-1,22,38
CTAACCGCGCGCCCGT-1,37,35
ACTCAATAAAGGCACG-1,25,69
AGCTTGATCTTAACTT-1,41,23
AGTGGTGTTACCCGTG-1,47,9
GCGAGCGCATGCTCCC-1,37,109
TGATTCTGTCGCCGGT-1,48,44
TCGGTCCCGACAATAG-1,57,23
ATGACTATCAGCTGTG-1,63,43
TCGGACGCCCAGCCCA-1,33,79
AGCTCTTTACTCAGTT-1,41,45
TAGGCATGTTACGCCA-1,23,85
GTACTAAGATTTGGAG-1,27,55
AAATTACCTATCGATG-1,26,94
ATGAAGCCAAGGAGCC-1,22,46
AGCTAGAAGCAGAAGT-1,21,99
TCCCGCGTACTCCTGG-1,27,69
ATCCACATCGACAGAA-1,62,72
GGGACTGCATAGATAG-1,32,60
TGCCATTACTAAAGAA-1,21,87
GATGGCGCACACATTA-1,19,29
TTCGCACTGTACGACA-1,61,59
CACAGGGCCATATAGT-1,57,97
CGTTTGTGTAGAGGGT-1,55,41
TATCACCCAACCGACC-1,24,100
ACAATTGTGTCTCTTT-1,51,97
GACGGTCAATAGAAGC-1,30,100
TTCTTGAGCCGCGCTA-1,47,41
AATGATGCGACTCCTG-1,25,101
AAACTGCTGGCTCCAA-1,45,67
AACGCATGATCTGGGT-1,20,104
CAGCCGGGCCCTCTAT-1,11,85
GGGCGGTCCTATTGTC-1,14,28
GTATTAAGGCGTCTAA-1,20,26
ACGTTAGATTTGCCCG-1,39,39
GGGTGACACCTTAACT-1,46,56
TCCTTTAAATCCGCTT-1,56,92
CTTTGGCGCTTTATAC-1,32,18
CGGGTGTACCCATTTA-1,32,86
CTGCCAAGGTTGGAAG-1,21,77
CATGCTGGCTCCAATT-1,12,60
TGATAGCGGGATTCTA-1,28,12
ACGCTGTGAGGCGTAG-1,39,13
CTCTTCTATTGACTGG-1,46,100
ACAATTTGAGCAGTGG-1,28,82
CATCTTACACCACCTC-1,37,99
GAATCGACATGGTCAC-1,26,42
GAAACAGATGACCACC-1,40,92
CTGACTGCGCAGCTCG-1,31,101
TTGCATGCTGATCACG-1,41,35
TTGAGAGTACTGCTAA-1,44,38
ATTCAGTAGCAGGGTC-1,27,25
CAAACTCGCGACGCCG-1,45,111
CAGAGACGGTCACCCA-1,51,57
TGTGCCGGTGCCGGAA-1,53,97
CACGAAAGTTAGTCCC-1,33,29
ATTCACTGATGTTGGA-1,56,68
GAAGAAACGATATTGT-1,59,29
TATGATCTTCTCTTTA-1,58,90
TCCGTTAAGCTAATAT-1,52,100
GTCTTAGTACAGCCGG-1,12,78
GCCAACCATTTCCGGA-1,26,106
GAAGAACGGTGCAGGT-1,14,40
TATCTTGCAATACAAC-1,56,16
CGATTAAATATCTCCT-1,56,62
TACATTTCTAACGTGC-1,39,55
CGAACGGCCGGACAAC-1,47,15
TGTGGTTGCTAAAGCT-1,65,49
CTCGCACCTATATAGT-1,24,68
TTAGAATAAGGGTCGG-1,61,45
CCCAAACATGCTGCTC-1,34,88
TTGGGCGGCGGTTGCC-1,30,76
AAAGGGATGTAGCAAG-1,24,62
TCGGGCCGTCGTGGTA-1,40,88
AGTTAAACACTTGCGA-1,40,44
AGTCTCACAAGACTAC-1,54,30
GGTACCATTAAGACGG-1,29,105
GGCTGAAATAGCAAAG-1,49,79
CTTACACTGGGAAATA-1,16,48
TTAGCTAATACGATCT-1,22,98
GGTGAAGTACAGGGAT-1,47,37
TCTAATACTGCCTCAG-1,57,25
CTTCATAGCTCAAGAA-1,19,37
GGATCATCCCGTACGC-1,17,101
TTGTGGTAGGAGGGAT-1,50,28
CCTACTGCTTACACTT-1,27,49
TGTTTCGGTACTTCTC-1,18,56
ATGACGCCGGCTCTAA-1,16,58
CCGCTTACCTCACTCT-1,47,35
AGTAATGTCTTGCCGC-1,16,60
GGCGCGGAGATCTTTC-1,58,86
ATAAGGTGGAGAACAT-1,50,72
TAAAGCTGCAATAGGG-1,17,97
ATTAATGAACCAGTCG-1,23,79
ATGACTATGCGACATT-1,48,88
AGTGATTCAAGCAGGA-1,33,87
CACTCCTCTCGGTCGG-1,15,87
TGCAGTTTCCTCCCAT-1,40,90
GGCGCATGAATTGATG-1,42,54
TAACAATATTTGTTGC-1,28,16
CTAATTCGCACGCGCT-1,28,34
AGGACAGTCGAATCCC-1,43,85
ACACCTTAAGTAGGGC-1,25,43
TGTCCTAAGTCACCGC-1,34,30
AGGGTGCTCTCGAGGG-1,34,92
TCTCCACAAGTTGAAT-1,61,93
ATAGGCGGCTATAGAA-1,43,33
GTGCACCAGCTTCAAC-1,66,54
CTGGACGCAGTCCGGC-1,51,13
CAGCCTCTCCTCAAGA-1,15,95
ACGTATTACTCCGATC-1,41,97
TACGCAGTTCTTTCCT-1,41,51
TCCACTTTATCTAGGT-1,31,79
ATTAATACTACGCGGG-1,22,66
ACGCGCTACACAGGGT-1,41,31
AGTCAGCCACCGCCTG-1,16,28
TAGAGATCATGCAACT-1,44,26
AGGCCCTAGAACGCCA-1,45,25
TCCCAGGCTTAGCTAA-1,30,48
GACCCGTCGCCGGCTA-1,9,59
GTTAGCCGTAAATCAA-1,30,110
TTCGTAATCCCAGCGG-1,12,86
TCCGAACTTGGCTTAC-1,33,19
AATATCGAATCAATGC-1,49,109
AATAACACTAGAACAA-1,52,38
TCAAGGTTACTACACC-1,47,103
ATACGGGTTTCGATTG-1,22,82
GAACGTTAGGAAGACG-1,33,15
TTGTGAACCTAATCCG-1,56,90
AGCAACCGAAAGTAAT-1,56,20
CGCAAACACGAGTTAC-1,27,37
TACCTCACGCTTGTAC-1,16,56
TTGTGAGGCATGACGC-1,43,13
CGGGATCAATGTAAGA-1,23,59
CTAAATCCGGTGTACA-1,61,35
GTATCAGCTTGGGTTC-1,20,34
AAACCGGGTAGGTACC-1,42,28
TGCAACCCATCTGCGG-1,60,90
TGGCAACTCGCGCGCC-1,22,86
TCGCTGCCAATGCTGT-1,68,80
GATGCTGTATTTCATC-1,43,75
AGGGAGACATACTTCG-1,29,113
CTTCTATGTTGAAGTA-1,46,28
GTTGTCGTGTTAGTTG-1,15,47
CTAAAGGGAAATAGGA-1,44,62
TTATCCGGGATCTATA-1,51,87
CAAGAGGGCGGAGTAC-1,46,74
ACTGTCTTCTTTAGAA-1,30,64
CGCCACAGGTCGCGAT-1,49,9
AAGGAGCGGTTGGTGC-1,28,48
ATATCGTTCCTCGAAC-1,58,92
TTCTGCCGCGCCTAGA-1,49,69
CTCAGTCACGACAAAT-1,24,96
TTAGTAAACCTGCTCT-1,62,94
GTTGAACCGGTTCCAT-1,42,40
AGCATCGTCGATAATT-1,22,52
CACCGCCGACCAGCGA-1,9,67
CCTGCCCGTTGTCTAG-1,35,9
CCTGAATATTTACATA-1,23,71
GGCAATAGTCAATGAG-1,30,70
CGTTCATGGTGCGCGT-1,48,20
GCATTTCCAAGGCTCC-1,33,111
AACCAAGACTTCTCTG-1,36,24
CCTCACCTGAGGGAGC-1,28,102
TGGCAGATTACGATCA-1,44,58
CTTGTCAACATTCGAG-1,50,66
TGACATGTAACGTGAC-1,69,63
TGGGCACGTTCTATGG-1,15,73
GTGACTTCAGTAGTGC-1,46,50
GAATTTCTCGCTGCAG-1,28,30
TACGAACACGACTTCA-1,31,53
GTTTGGCCCAAGTTAT-1,42,80
CCAAGCGTAACTCGTA-1,33,71
TTGGACCATCTGGCAA-1,51,105
AGTACATCATTTATCA-1,29,109
TTAGCAACATGGATGT-1,20,28
CGCTATTCAATGTATG-1,19,31
GCTTAATGTAACTAAC-1,42,84
GAGTCCGCTTACCGGA-1,46,58
CATGGCAGGAAGATCG-1,17,57
CAACGACCCGTTTACA-1,20,50
CGCTCGACATAATGAT-1,21,45
CATATACTACTGATAA-1,18,102
ATTGACGTAACTCGGT-1,8,72
GCAACCACCAGACCGG-1,14,92
TGTATAACAGATCCTG-1,29,79
AGGCAGGGAGCGTACT-1,59,49
TCTCTAATAGCTGGTA-1,20,52
CGACTTTGTATAGCCT-1,33,109
GCACGCCTACTTAGAT-1,55,39
GCTTGATGATAATCAG-1,22,36
TTCCTCTGCCCGAATA-1,35,15
CGTAGCGAATTGTCAG-1,13,71
TTATTAGGGAAGCATC-1,15,59
GGGACAGAGTTACTCC-1,57,19
TAATTAGGACATCCGT-1,42,108
GACCGACGTGAAAGCA-1,38,112
GCAAGAATTCCTTGGC-1,44,36
CCCGTTTCGCAGATGT-1,52,106
TATAAGTGAGGATAGC-1,21,39
CGGTGCAGATAGAACG-1,42,36
ACCACCAATGTAACAA-1,41,107
GTTTACGTTCCATCTG-1,48,64
CTACGCCATTTCCGAT-1,12,80
CACCAGTCAGCATGCA-1,60,22
CTATCGGGTCTCAACA-1,35,69
AATAACAACGCTCGGC-1,36,30
GTGTCAGTGTACGTGG-1,68,42
AGTCTAAAGTATACTC-1,29,111
CTTGGCCAAGCTGGGA-1,61,57
AATCGTGAGCCGAGCA-1,67,83
TACCGGTCGTTTCCAT-1,44,34
GCGATTCTGGAAGCAG-1,10,74
TGATCTACGCTGATCT-1,16,100
CTAAGGGAATGATTGG-1,44,72
TGTAGTGATCTATAAT-1,35,33
CGGTGGGCTCCAGCCT-1,15,99
GCCTATTTGCTACACA-1,8,50
TATATTCGCGTCGATA-1,8,62
ATATGTCTCCCTAGCC-1,35,97
AAGGTGATAAACCAGC-1,44,92
CTTGTTGCTGAGTCAA-1,38,80
AGTGAGCCTCGCCGCC-1,29,103
TACCTCAGTTGTCTGT-1,60,50
GAAGGAGTCGAGTGCG-1,66,60
AGTGTGGTCTATTGTG-1,21,23
ATGTAAGGCTGCTCTT-1,32,112
CCGGCACGACCGTTTC-1,35,111
GGATACTCATGAATTG-1,9,45
CCCAATTTCACAACTT-1,39,33
GCCACTCAGAGCGCGA-1,59,95
TTAAGCGCCTGACCCA-1,30,44
GGCGCAGGACATCTTC-1,37,27
CGCGACCGCGACAGAT-1,59,81
GTATCAAACGTTAGCT-1,55,97
TCCTGCGTTGATACTC-1,38,30
CTCGAGGTCGAACAGT-1,29,59
TCCGATTACATTGCCG-1,32,32
CGATCCGACCCAGTGC-1,38,50
CTGTTCACTGCCTGTG-1,22,56
TACGGGATGCTAGCAG-1,21,83
AAACACCAATAACTGC-1,59,19
CAGCTCGACAAGTTAA-1,28,90
GCTCGGAATTTAAAGC-1,22,84
CACGCACAGCGCAGCT-1,24,72
ACCACGTGCAGCTATA-1,48,76
AGCACTACCTCACCAG-1,53,81
TCCCACTCTCTTCCGG-1,31,107
CGGGCAGCTAAACCGC-1,32,56
TTCGCTATCTGACGTG-1,20,100
AAGTAGAAGACCGGGT-1,19,47
GAATCGCCGGACACGG-1,11,41
TATCGATGATTAAACG-1,23,49
GTACTCCCTTATCGCT-1,36,28
AGACTGTTACCGGGTC-1,63,45
AGCAACATATCTTATT-1,41,93
CCCAGTTAAGGCGCCG-1,42,82
GGCGGAGTAATATTAG-1,32,46
GATGTTCAATCCACGA-1,41,43
GGTCGTAAGCTCGCAC-1,49,19
AGCCCGGTAGCCTGTA-1,61,49
TGCAAGAATGACGTAA-1,30,60
GTTCGCCATAAGTGCC-1,37,53
AACCATGGGATCGCTA-1,14,30
TAATAGAACAGAGTTA-1,50,38
TTAATTTCAGACGCGG-1,17,69
CAAGTAAGTGATAGAC-1,69,53
AATACCGGAGGGCTGT-1,67,37
CGCCCGCTTCCGTACA-1,18,80
CCATTAGCGATAATCC-1,32,42
TGCAGAACTATATCGT-1,42,22
TGACCAAATCTTAAAC-1,66,62
TATGGGACCGAGCAGG-1,36,56
ATCACTTCATCCTCGC-1,21,67
GGTGCTGATCACAAAG-1,27,21
AGGGACCGGCTGCGTT-1,36,110
GTGCTCAAGTACTGTC-1,34,52
CATACGAACTAGCTGG-1,65,31
CAGAGTGATTTAACGT-1,9,69
AGCTCTTCCCAGTGCA-1,18,88
GGAAACCTTGTTGAAT-1,20,106
GGGTCAGGAGCTAGAT-1,65,55
AAATGGCCCGTGCCCT-1,49,17
GTCGTACCTACGATTG-1,37,9
CACTCGGTTAGGAGGA-1,35,13
CTGAGCAAGTAACAAG-1,15,25
GTGGAGTCGGCGGTTG-1,54,38
TAACCTACCGTCCGAG-1,33,101
CGATACCTCGCGGACA-1,40,48
ATGTGCATCCGACGCA-1,23,57
ACTAGTTGCGATCGTC-1,50,104
CTGCCTTTCTAGTAAA-1,63,93
CCATCGCAGTTAAACT-1,50,62
AGATTCACAACCGATA-1,53,13
GCTCTTTCCGCTAGTG-1,64,54
TCACATCTTATCTGAT-1,28,20
GATAGGTAACGTTGAC-1,48,60
TACGACTGCCTCTTAG-1,44,66
AACCCTGGTGGAACCA-1,8,70
TCTTAGAGCTCCAATT-1,40,108
AGGACGCTCGATGTTG-1,18,98
TGCGAGAATATTACCC-1,50,40
ACGGATGGTGCGGATA-1,57,79
TCGTTAGGAGTCCCTA-1,52,54
CGAGTGCTATAGTTCG-1,10,38
CCGTTACGTTAGAACA-1,20,88
ATAAATATTAGCAGCT-1,38,28
AGCGGGAAGGGTCCAT-1,13,37
TCGTCCGCTGGCGTCT-1,22,40
CACCTAATAGAGTCGT-1,17,25
AGTCGGCCCAAACGAC-1,25,39
CTGCCATGCATCACAT-1,40,62
GACCGACTGAAGCGTC-1,34,22
GGTGCGGATAAGTGGC-1,16,46
ATACCACGGGCAACTT-1,35,29
TGGTATCGCATCCCAA-1,8,68
ATGCCGGTTGATGGGA-1,19,83
TGCAATCTAACACGGT-1,62,90
CGATCCTCGCAACATA-1,66,40
GTACGCTTCATTGCAC-1,46,72
ACCTCCGTTATTCACC-1,34,112
CCTCCGACAATTCAAG-1,33,33
CCATAAACAACCCGAC-1,14,76
GTAAGTAGGGTATACC-1,26,36
GTTACCTACAACTTGC-1,47,67
ACCCACCTACATGCTC-1,25,25
CGGAACGTAAACATAG-1,47,45
AGGGTGGATAGTGCAT-1,29,11
ACGTTCGCAATCAATT-1,33,113
GCAGTGTGGCTATAGG-1,59,83
CACCGATACACCGAGC-1,10,84
GTGAACTCCCATTCGA-1,30,104
GTACGTTTGCCCGTCA-1,44,68
GTGAAACGGCGCCACC-1,24,88
CAGTGTCGGCTGGCCC-1,52,92
CACAGGGCCGTTGTCA-1,62,60
TCAAGAAATACTAGCT-1,34,108
TCTTACCGGAACTCGT-1,21,91
GGAGCGAGGCCTACTT-1,67,69
GATAGTGCGAGTAAGT-1,68,44
GGTCAAGACTACTTCG-1,53,105
GCTCATTACTGCATGT-1,13,93
AGCACTACCGGCCTGT-1,34,20
TAAATGAATCCGTTTC-1,23,29
CCGCGGAATGCGTCAC-1,51,45
ATAGAGTTATCAACTT-1,27,93
TATAGAGTCGCTTGAA-1,64,46
CACCCTTGGTGAGACC-1,50,16
TTGAACGAATCCTTTG-1,19,21
GTACAGAGGCAAGGGT-1,37,83
GATTAACCGAAAGCCC-1,55,93
GGAACCTTGACTCTGC-1,59,21
GCGTCGCCAGGGTGAT-1,54,62
CTGCACCTGGAACCGC-1,15,49
CGCGGGAATTAGGCAG-1,28,80
ATGCGACAGTCCCATT-1,35,71
AGACGACGATGCCGCT-1,53,33
TATGTAAAGTGCTTAA-1,66,44
AAGTTCACTCCAAGCT-1,57,85
ACTCCCATTCCTAAAG-1,47,17
GTAACTTGCGGCAGTC-1,10,40
ACTTTGACTGCATCCT-1,39,11
AAGATTGGCGGAACGT-1,26,90
AGGTGGTGACCTTCGC-1,64,56
AGCACTTAAGGACGCC-1,31,35
TGCGTAAGAACCTGAT-1,43,43
TTCCTCGAGGGTGTCT-1,21,49
ATCAATCTGGGCTGCA-1,33,65
ATACGGTGAAGATGCA-1,33,11
AATTCCAAGCATGTAC-1,66,58
TGCAGGATCGGCAAAG-1,24,74
CTTCTGGGCGTACCTA-1,66,34
AAGCTAGATCGAGTAA-1,50,68
CTATGCCCGAATGCAA-1,63,59
CAATCCCTATACCAGC-1,12,88
TATTTGTTACCCTTTA-1,24,46
GTATCCTTTGGTAACC-1,64,92
GCTCCATGCAAAGCAA-1,69,55
TGGGTAAGGTTCCCGC-1,13,79
AGGCTTCCCGAAGAAG-1,50,42
CCAAGGAACAGAGAGG-1,14,48
GGGCCCTACGAAAGGG-1,38,16
TTCCGCGTGAGGCGAT-1,46,64
CATAAGAAGCTTGGCT-1,58,72
GACTGCTGGTGAGAAA-1,67,39
ACGCCAGATGATTTCT-1,17,73
ACAATCCATTTAAACC-1,36,32
CCCGGTGTATCGGAAT-1,53,17
AGCTAAGTACGCAGGC-1,64,86
TCGGAGAGTATCGGGA-1,45,23
ACAAGGATGCTTTAGG-1,61,87
CATACTATGTAATTGT-1,36,48
CGAAGTTGCTCTGTGT-1,33,35
CCGTGCCCATGACGGC-1,12,48
TACGTGCACTATGCTG-1,21,33
TTATATACGCTGTCAC-1,38,74
TTCTGCGAGCGCCCTT-1,33,17
TCGCCGAAGTTGCGTC-1,45,37
GCTAGTTTCATTGAGG-1,17,37
TCACGATGTCCGTGGA-1,52,28
CGCGCAAATGTCCAGA-1,56,24
CCAATCGGTAGATCGA-1,14,84
AGTAGGAAGGAAGTTG-1,16,98
AACGATATGTCAACTG-1,24,76
TTGCCATAGCCCGCTC-1,54,24
GGCCGTTTGGGTTTCA-1,59,45
TGCGGAGTAAAGGTGC-1,22,70
CGCTACGGGACATTTA-1,38,48
GTCGGATGTAGCGCGC-1,17,77
GCTTATGAAGCAGGAA-1,35,89
AGTCGTATAAAGCAGA-1,65,81
GGTAGACCGTTGGGCG-1,53,53
TATGTCTCATTGTGCC-1,30,82
ACCCGGAAACTCCCAG-1,57,65
GGACCTCTAGGCCGCC-1,58,30
CGCTTTCATACCGGTG-1,14,50
AACCGAGCTTGGTCAT-1,24,70
GTTGCACGGAGTTTCG-1,24,48
TGCATATGTCTGTCAC-1,35,85
GAGTATGCGCGTGCAT-1,63,71
CGTGACATTGGGTCGT-1,15,83
AAGTTCGGCCAACAGG-1,46,34
GGCGTCCTATCCGCTG-1,31,33
TGATTTCCTCCTGACG-1,16,34
CCTAAATTAACGGTTC-1,42,68
CGCCCAGCGTTTCACG-1,65,89
TACCTGCTGCACTGTG-1,28,22
GAAAGAACAGCGTTAT-1,37,103
TGGGCACAAACAGAAC-1,8,46
GTTTGGGTTTCGCCCG-1,63,91
CGAGGCTAAATATGGC-1,29,71
TGAGAGATTTACCACG-1,41,91
CCACAGTACCCATCCT-1,48,92
ACGGCACTTGCTTGGG-1,52,60
CTTGACCCGAAAGATA-1,9,57
TCCCTTAGATTACTCG-1,18,86
AACGGCCATCTCCGGT-1,47,39
ATTAGATTCCTCAGCA-1,25,105
ATGGTCGCGTGGTTTC-1,45,85
TTACAACTACGCATCC-1,24,52
TCCGCTGTCATCCCGG-1,47,81
GGGTATGTATGCACTT-1,28,28
ACCACAAGTTTCTATC-1,30,54
TTCCAATCAGAGCTAG-1,23,95
TTGCCGCTTTCTAGTA-1,62,78
CCCGACCATAGTCCGC-1,20,74
CGGTCTATCAACCCGT-1,18,82
CGACCCTTAACGCCGG-1,48,12
AAGTGCGTTAGAATCT-1,49,27
TGAGCGGAAAGTGTTC-1,55,65
CCCTCATTCTGGAATT-1,16,44
GTCCGGCTGAATTGCG-1,28,52
GACCTTCCACGTCTAC-1,66,74
AAGACTGCAAGCTACT-1,36,68
AATCTCTACTGTGGTT-1,38,10
CTCTGGACGCCTGGTG-1,32,62
CCATGCCCTAGATTTC-1,56,98
AACCCGACAACCCGTG-1,67,43
AGCCCGCAACAAGCAG-1,68,54
AGGAAGCTGTCCGCCG-1,61,65
GCTAGGCACCACGGAG-1,54,84
CAGACACCGATCGCTG-1,53,51
ATCCTGAATCGCTGCG-1,38,26
GTTTCTGCAGTCTCCC-1,40,72
TGCTTAGAGAGAATGC-1,62,26
GGGTTTAGGATAGGAT-1,43,107
GCTAGTAGAGCTTGTA-1,39,65
ATAGAGTACTGGGACA-1,26,48
GAAGCTCGGACCCGTC-1,55,21
CCGCCGGTCAACACAC-1,13,55
TTGGACATGTGGCTTA-1,41,29
CCCAACATACGTCGCG-1,43,35
CTATAAGAGCCAATCG-1,26,100
ATACTGCCTTACACCG-1,58,84
GCGGGAACCAGGCCCT-1,18,48
CCGATTCGAGGGACCC-1,38,20
ACCAATATGCAAGTTA-1,56,78
CGAATGACGCATAATG-1,63,57
ATTGTACAACTCGGCT-1,35,103
CTCGTTTCTAATGTTT-1,22,104
TTGCGGCATCAGAAAG-1,53,45
ATGCTCTGGCGCGGTA-1,60,76
CCTCGAAGTGGACGGG-1,15,71
ACCAGTGCGGGAGACG-1,48,94
CATCTATCCCGTGTCT-1,18,100
AGGCAGATGCGTAAAC-1,26,86
ATCCTGCGTGGAATGG-1,45,47
AGTGGCGTCTGAAGGT-1,62,86
GTCCCAACGTAAAGTA-1,33,73
TCCCTGGCTCGCTGGA-1,33,27
TAATAAACAAGGAGAT-1,17,91
CCGTGGAACGATCCAA-1,24,106
TCGCTGTGCGTAAATC-1,17,41
GCTGTATTACTGGCCC-1,46,38
CGTTCAGACCCGCGAA-1,65,61
AATCGGGACACTACGA-1,8,60
CTATGTCACTAGCCCA-1,30,66
AGGGTTCAGACGGTCC-1,69,45
CACTCAAGAGCTATGG-1,39,57
TCTGTGCCATCATAGT-1,32,80
ATATTCCCACAGGTCA-1,11,59
TTCGTTCAACGAAGTT-1,23,105
TAGGGAGCTTGGGATG-1,36,96
AGTTTCGCAGGTCGGA-1,12,62
ATCAGCCTCATGCTGC-1,57,87
TTCCACACAGATTTGA-1,50,46
TAGAAATTCACGTATA-1,36,10
TTGTAAGGCCAGTTGG-1,27,81
GTTATAATACGGTGAA-1,53,107
AGTGGTTGCGTATAGG-1,35,7
GAATATTCGGAGTCCC-1,13,83
GTTCATCGTTTGGCTG-1,33,105
CCTCGCGCGATATAGG-1,21,95
TAAGGAACTTGTGGGA-1,16,40
CAAGGATCGCATGTTC-1,40,68
GTATGAAATTTCACTC-1,52,22
CTGGCTGGTTGTCAGT-1,54,56
GATCAACATAAAGGGA-1,62,36
AGAACGTGGTACATTC-1,27,73
GCGCTATGCCGAGGCA-1,43,47
ATTCGTGCTATCTCTT-1,42,110
TAGATTCCTGGTTATT-1,32,20
AAAGGGCAGCTTGAAT-1,24,26
TACCGGCTCACTGCCC-1,47,65
AAATTTGCGGGTGTGG-1,47,33
GATGTTTGTGCGAGAT-1,20,30
CAGCTGGCGTAACCGT-1,48,22
TACTCGGCACGCCGGG-1,36,16
GTGACCGCACACTACG-1,39,91
TACATCCCTATCCCTG-1,44,14
TGTCTACAGTTTCTGT-1,11,53
GAAATTAGCACGGATA-1,18,96
CATCGGACGGGTTAAT-1,42,58
CAGTCTGTATACTGGG-1,42,66
ACTGTCCAGGATTATA-1,33,55
CGTTGTTTCAATTCCC-1,34,40
CACCGTTAGGGATCAC-1,53,37
TAGCTGATGTGAAGCG-1,42,10
TCAACGCAGGAAATAA-1,49,31
TTCGGTACTGTAGAGG-1,67,63
TACATAGGCATACACC-1,40,60
AGGGTTCCCTTTGGTT-1,30,88
CTGGCATCCGAATGAG-1,48,26
CAGGAAGACTTTATAT-1,13,85
ACATCCCGGCCATACG-1,55,57
TACTTTACTGAGCCGG-1,30,96
GGCGTAGGGAAAGCTG-1,64,82
GAACACACATCAACCA-1,22,50
TCCGAATGGTCCTGAG-1,31,113
TTGATTAGCTGTTTCT-1,48,34
TCGGCTTGTATCGACG-1,58,96
TTCGGCTAGAGATGGT-1,18,24
ACTGTAGCACTTTGGA-1,27,39
TCAACACATTGGGTAA-1,11,35
CACCGTTGCGCGATAT-1,47,29
CTAATTCTCAGATATT-1,27,105
ATTACGCGCTGGCAGG-1,40,30
TAATCGATCCGTACGT-1,25,93
TGCTCCACAGTTCTTA-1,45,95
CCTCGGATGCTACCTG-1,32,10
TGCCTGATCAAACGAT-1,20,70
TGGGCCACAAGAGCGC-1,18,72
ATTGCTGCTCCTCCAT-1,35,43
CCTATGGGTTACCGTC-1,29,69
ATCGCCAGTCAACATT-1,45,105
GAGGGTAGTAACAAAG-1,63,31
AACGTCAGACTAGTGG-1,24,40
TGTTGTCAAGAAGTCT-1,24,82
AGTCAACACCACCATC-1,41,47
CCCGTAAGTCTAGGCC-1,40,28
CGAGGGACTGCGGTCG-1,38,78
CACCGTATCCCATCCG-1,52,104
TAGTCGATCACGGGTT-1,48,96
CTGCCTTTAATACCTT-1,64,28
CCTATGGCTCCTAGTG-1,62,24
CAGCAGCCCGTTCCTT-1,28,78
CTTCATTGTCAGTGGA-1,36,60
GCTCAATCCGTTTATT-1,53,35
ACGATACATAGAACTA-1,22,80
GGTTTACAATCTCAAT-1,25,73
ATAACGGAGTCCAACG-1,25,75
GTGCACGAAAGTGACT-1,17,71
CCAGCCTGGACCAATA-1,37,65
GAGATCTTCCATGACA-1,45,77
GCATACGAGGTCTTTA-1,38,14
ATAACGCCGGAGGGTC-1,35,81
CTAGCCGATGTTATGA-1,23,101
CCTAACCCAAACAAGT-1,49,89
CTCTCTAACTGCCTAG-1,57,21
GTATCTCAGTCTTGAC-1,58,22
GGGTCGTGGCAAGTGT-1,25,107
GTTAATGTCTATCTTA-1,30,12
GAGGCTATCAAAGTCG-1,35,27
GGGCGGCAAATGAATT-1,49,45
CGGGAGCTTCAGTGTA-1,49,91
ATATTTAACCCTCAAG-1,31,55
AAACAGGGTCTATATT-1,47,13
GCTCCGCTCGCTTCAG-1,42,112
GTTTCCTGGAGGGTGA-1,25,49
GCGCAAGAGCGCGCTG-1,40,100
CTGGGCCTGCTATATC-1,44,30
ACCCGGATGACGCATC-1,38,100
TGGCCGTATATTGACC-1,26,38
AGTTAAGCGGTCCCGG-1,16,80
CGCAGAAACATTTGCG-1,8,58
CCAAGACTTCTGCGAA-1,20,62
AGGGCGTGATCGGCTA-1,17,45
AGAAGTGATTCGTGAT-1,48,28
CTAGTCACGTCTTAAG-1,37,69
GCCCTGAGGATGGGCT-1,68,74
GGGAACGGGAGGTTAG-1,39,37
CTGGAAGACACGGTGG-1,50,88
ATTTGTTCCAGGGCTC-1,19,71
GGTGCATAAATGATTA-1,67,47
TCTTACTTATGCCTCT-1,45,93
CTAACGAAACTTGCTG-1,30,94
TCCGGCCTAGCGTACA-1,28,98
ATGATGCAATGGTACA-1,44,50
TTAATTGCTTTGGGTG-1,62,76
AATTTGGTTCCAAAGA-1,11,67
AGCTGTAACCTCAATC-1,54,28
GTCAAAGAAGTGGTGT-1,56,18
CCTGAACGATATATTC-1,37,85
CCGTAAGTTGGTCCCA-1,33,77
GTGAGCGTGCTGCACT-1,33,25
AATATCGAGGGTTCTC-1,27,101
GTGGACCAACCCGATT-1,45,29
TAATACACAGTAGTAT-1,20,64
GTCATGCACCTCCGTT-1,29,61
TAGTTTATTCTTGCTT-1,13,57
CGTGGTACCCAAAGGC-1,66,42
GAGACTTCGCGACCGA-1,53,57
TCATACTTACAGATCC-1,22,24
TATGAAGACAGGTGCG-1,29,21
TCAGTAGGGACTATAA-1,46,48
CGCAATTCTACAATAA-1,26,28
GCAGGACTATAGAATA-1,35,37
TCGTACCGACGTCAAG-1,68,56
AGTGCTTGCACGAATA-1,41,89
GACCGTCAGGTCGTGA-1,13,81
TCTGAATTCCGTACAA-1,34,94
AACAGGAAATCGAATA-1,15,67
CTGCTTGGCGATAGCT-1,53,75
TAGACGAAACGCCAAT-1,63,73
GCAGACCCAGCACGTA-1,39,103
AGCATCATTTCGAAAG-1,53,19
AATCTGCGTTGGGACG-1,32,92
GTGATTCGCCGCTCAA-1,48,40
AAGCTCGTGCCAAGTC-1,35,73
GATGCGTCCTGCATTC-1,37,57
AGATCTCAGGTGTGAT-1,29,75
AGGAGGCCTTCGCGCG-1,52,98
CAAAGATTATTGGGCC-1,56,30
TGGTCTGTTGGGCGTA-1,37,29
AACACGACTGTACTGA-1,9,65
GGGCTGCCTAGGGCGA-1,33,69
ACAGAACTGAGAACAA-1,52,24
GCGAAGAATCTGACGG-1,66,84
ATAGTGAAGCGTTCTC-1,41,57
TAATATTGAAATTCGC-1,17,47
CGCCAAGAAGCCGAGT-1,39,17
GGCGAAATCTAACTTG-1,43,87
CTGGTTTCGAGCAAGA-1,46,88
GACCCAATTATGATAC-1,54,20
AGGCCTGAGAATCTCG-1,62,88
AAATTGATAGTCCTTT-1,55,31
ACACACTTTCTACACG-1,14,64
CATACAAAGCCGAACC-1,13,35
CACGTTTCGTACACAC-1,55,91
CTAGTGAAGGACAGGA-1,34,38
CCAGTAGTCTGATCCA-1,27,91
TAGCAACCTGTCACAA-1,22,26
CAAATCTCTCACAAGG-1,44,24
GATTCCTATACGGCGC-1,25,23
GTTATATTATCTCCCT-1,48,56
AGAAGGTTGTAGGTCG-1,64,78
AGGCCCATTGTACAGG-1,15,55
ACGTTCGTTCAGGAAA-1,60,44
GGGCCTAAATGGGCTA-1,45,9
TTAAGCCGACAACTTC-1,13,77
AGCCACAGGTTACCCG-1,63,89
GGTGGACTGCTCTGGC-1,55,85
GCCAATAGGGCATCTC-1,25,103
GTAAGGATTTGTCGGA-1,10,68
ACTCCCGAATTCGTTT-1,32,104
GTCATTAGAGCGAACG-1,37,67
GCCCGCGCGTAAACGG-1,49,41
CAGGCGCCATGCTAGG-1,49,73
GTGTCGTATAGCGTTC-1,54,76
CACTCCTATGTAAGAT-1,56,36
AGATCGTGCATAAGAT-1,21,97
ACTTAGTACGACAAGA-1,14,32
CCAGAAAGCAACTCAT-1,52,36
TTCCGGTATCTGTGTC-1,41,115
CGGTGAAGACTAAAGT-1,35,23
CGATTCGCCTGGCTGC-1,57,73
ACGCATACGTTTACTA-1,56,102
AGTTTGGCACGGGTTG-1,48,102
TTCTTAGTGAACGGTG-1,18,34
GGCTAAAGGGCGGGTC-1,19,99
GATGTAACGAACCACC-1,51,21
ATTCAGGACCTATTTC-1,20,98
CCCTGACTAACAAATT-1,38,12
GTCGTATTGGCGTACA-1,19,95
AACCTTTACGACGTCT-1,16,92
CACCTCGATGGTGGAC-1,18,70
GCGCCTCCCACTCCGA-1,48,110
CATAGTACATTGAGAG-1,15,77
CAACTCCTTGATCCCG-1,18,46
CACCATCGGAGGAGAC-1,11,61
CTCCGGCCTAATATGC-1,19,59
ACTGAATGGCGAAAGT-1,47,83
TAATAGTGACGACCAG-1,27,83
CAGACCTGTAAGTGTT-1,31,99
CCCGCAGCGCGAACTA-1,49,67
CAGCGATTCCCTTCAA-1,53,43
TGTTCCGCTTCCATGA-1,36,44
AGGGCGAGCAGCTGAT-1,44,20
GCACAAACGAGGCGTG-1,46,114
TGGTAGAATATATGGG-1,48,100
ACCGCGGTGGAAGTCG-1,44,106
TTGTATCACACAGAAT-1,12,74
CAGCAGTCCAGACTAT-1,50,100
AGAGCGGGCTAATCAT-1,16,64
GGACACAAGTTTACAC-1,47,111
ATTCATCGTTGAGGCA-1,61,89
GCAGATTAGGGATATC-1,37,61
GGGAGTTAATGAGGCG-1,33,75
ACTGTATACGCGAGCA-1,10,36
GCGCGGTCTAGTAACT-1,68,60
ATTATGCCATAGGGAG-1,21,53
AGCGTGGTATTCTACT-1,45,71
TCTAGCATGCCCAGAA-1,48,66
TCGAGCCAGGCAGGCC-1,57,37
CCCTGAAATGAGTTGA-1,31,39
TTGCGTCGGCCAACCG-1,51,41
GGGAAGACGGTCTGTC-1,64,76
GGGCTCATCGAACCCA-1,25,89
AGCATATCAATATGCT-1,51,95
ACCCGTGTCATCAGTA-1,58,54
CTACTGCCACCTGACC-1,27,63
AGGACGACCCATTAGA-1,43,45
CGCCTGGCCTACGTAA-1,41,27
GTAGCCAAACATGGGA-1,50,70
CTGGGATAAATAATGG-1,38,84
GGCATACAGGTAGCGG-1,34,32
CCGTAGGAAATCCCTG-1,60,96
CGTCACGTCCATTGGT-1,47,51
GCATCGGCCGTGTAGG-1,49,103
GACTGCGGCACGTGTA-1,27,15
AAACTCGGTTCGCAAT-1,66,70
GCTCTAAACCCTGACG-1,24,58
AGTGGCTCCGTCGGCC-1,40,12
TGGGCCCATACTAATT-1,47,89
GACAACGCAGCTTACG-1,20,54
GATTCGACGGTTCACG-1,41,71
GAGCGCAAATACTCCG-1,51,107
ACGATGGATCCGATGC-1,10,70
TCGCGTAGCAGTGTCC-1,57,99
TGATCTCCGGCGCCAG-1,28,50
GCGAGAGTTGCGTCCA-1,33,107
GACTGCAAATCGAGCT-1,59,75
CCGAAAGTGGTGAGCA-1,17,27
ATGATCGGGAATAGAC-1,16,54
GCAAGTGCACAGAGAA-1,24,42
GTTGGTCATGCTATCC-1,55,63
CACTCTTCTGCTAGCC-1,59,101
TCACGTGCCCGATTCA-1,38,62
GTAGACAACCGATGAA-1,7,55
GTTACTTTGGGCCTAG-1,43,51
CGACGCATCCGTACCT-1,50,10
ACCATCGTATATGGTA-1,42,42
ACAGATTAGGTTAGTG-1,7,57
TATGTCAAGACCGACT-1,20,92
GATAAATCGGTGGATG-1,15,41
ACATCGGTCAGCCGCG-1,41,37
CGTGCCCTCCCGAAGA-1,43,77
AAGTAGTGACGCGAGG-1,33,31
CTAGATTTACGACGGC-1,42,74
TCTTCCCATGGGCACA-1,32,96
TTATAGGTAATTGTCT-1,61,73
ATATTCAGTTAAACCT-1,44,40
AGTCGGCTCAACTTTA-1,47,23
ACTATTCGTCCGTGGT-1,14,74
TGGAAGAAGGGAACGT-1,39,35
GAATGTGGTCCGGATT-1,43,81
GATTGGGAAAGGTTGT-1,66,80
ATACGGAACGTCGTTT-1,56,22
AGTGAACAAACTTCTC-1,44,102
GGAATGCGCTAGCGTG-1,32,82
AAACAGAGCGACTCCT-1,14,94
ATCTAGCTTGTGAGGG-1,67,65
GTCAGTTGTGCTCGTT-1,9,71
CGGCTCTAAAGCTGCA-1,46,110
CTGGCGACATAAGTCC-1,17,81
CTACTCAAGGTATAGT-1,60,42
AGCCCTAAGCGAAGTT-1,15,65
TATCCGCACCGTCGGG-1,59,53
TAGGTGCTCGCCTAGC-1,40,86
GTGCTGCAGATAAGGA-1,37,7
GCTAAACCTGAGGTGA-1,23,23
CTGGTAACGAGCTCTT-1,29,97
GTTTCATATCGTCGCT-1,39,27
CACGGGATTGAGGGTT-1,31,11
CGGAGCATGGCGATCC-1,39,67
AATGATGATACGCTAT-1,23,93
GGTAACTATGTATCTG-1,12,44
GGATCCGGAATATACT-1,34,82
CGAGCGTTGATCAGCC-1,12,46
GTTCGGATCGGGAACA-1,44,110
TCGCTCGGCACCAGCG-1,24,108
CTACTCTAGGCCCGGC-1,31,25
AGTTCCTACAGAATTA-1,30,50
CAACGGTTCTTGATAC-1,18,38
CGTTGTAAGATTGATT-1,26,108
CGCGCCCGACTTAATA-1,21,75
TGCCCGTACCGTTAAA-1,45,75
CGTCAAGGCTATAAAT-1,30,14
ACACTGATCAAGGTGT-1,52,48
TGCTCTTGAGAGTTTG-1,64,70
TTCGTACTCCAGAACG-1,29,29
GCTGGCGGCGCATGCT-1,54,64
ATAAGTTACCGCGACG-1,46,52
TATTCCACTCAGCTCG-1,49,57
GAGGATAAACAGTGCT-1,40,114
TACCAATAAAGTACCA-1,55,83
CCTCGGACCGGGATAG-1,41,85
GTACTGCATGAAGCGT-1,11,39
CTTCGTAGATAGGTGA-1,39,45
CGGTTATCCAACAGTG-1,30,98
TAGATCCGAAGTCGCA-1,10,72
GCAGCCTATATCACAT-1,35,113
GCAACCACGGCCGCGT-1,43,29
CTAGTTGGGCCCGGTA-1,26,68
TCCGATGGTGCGACAT-1,25,53
AGGATCACGCGATCTG-1,48,16
AGAAGGTACACTTCAC-1,52,14
GATCCCTTTATACTGC-1,28,60
GCTAAGTAAAGGCGAT-1,27,13
CACCCACACGTCACCC-1,17,43
TGCCTAATTGAAGATT-1,55,105
TCGTCTTAGGCGTTAA-1,53,83
TGGAGTGATGCGATGA-1,29,41
TTCGGGACTAATCGCG-1,36,72
GTACTCCTGGGTATGC-1,26,102
ATTGTCGCAATACCTT-1,15,85
